ZTime,Time,OAT,DT,SLP,WD,WS,SKY,PPT,PPT6,Plsr.Event,Plsr.Source
20161201080000,20161201000000,89,67,10204,0,0,0,0,-9999,,
20161201090000,20161201010000,83,67,10203,250,15,0,0,-9999,,
20161201100000,20161201020000,83,61,10201,250,15,0,0,-9999,,
20161201110000,20161201030000,78,56,10201,270,26,0,0,-9999,,
20161201120000,20161201040000,72,56,10203,0,0,0,0,-9999,,
20161201130000,20161201050000,61,50,10203,0,0,0,0,-9999,,
20161201140000,20161201060000,67,44,10205,0,0,0,0,-9999,,
20161201150000,20161201070000,61,44,10207,0,0,0,0,-9999,,
20161201160000,20161201080000,78,56,10210,260,21,0,0,-9999,,
20161201170000,20161201090000,106,72,10212,0,0,0,0,-9999,,
20161201180000,20161201100000,122,61,10216,360,21,0,0,-9999,,
20161201190000,20161201110000,128,56,10210,20,21,0,0,-9999,,
20161201200000,20161201120000,133,50,10204,350,26,0,0,-9999,,
20161201210000,20161201130000,144,22,10199,340,36,0,0,-9999,,
20161201220000,20161201140000,144,11,10194,310,36,0,0,-9999,,
20161201230000,20161201150000,150,6,10193,310,26,0,0,-9999,,
20161202000000,20161201160000,144,6,10195,350,31,0,0,-9999,,
20161202010000,20161201170000,133,11,10197,320,15,0,0,-9999,,
20161202020000,20161201180000,117,17,10201,260,21,0,0,-9999,,
20161202030000,20161201190000,106,17,10204,0,0,0,0,-9999,,
20161202040000,20161201200000,100,22,10203,0,0,0,0,-9999,,
20161202050000,20161201210000,89,28,10213,280,21,0,0,-9999,,
20161202060000,20161201220000,94,28,10214,0,0,0,0,-9999,,
20161202070000,20161201230000,94,28,10215,290,31,0,0,-9999,,
20161202080000,20161202000000,94,22,10215,-9999,31,0,0,-9999,,
20161202090000,20161202010000,111,6,10212,320,46,0,0,-9999,,
20161202100000,20161202020000,100,6,10214,330,31,0,0,-9999,,
20161202110000,20161202030000,117,-28,10212,330,62,0,0,-9999,,
20161202120000,20161202040000,111,-33,10215,320,36,0,0,-9999,,
20161202130000,20161202050000,106,-33,10218,320,36,0,0,-9999,,
20161202140000,20161202060000,111,-39,10225,340,72,0,0,-9999,,
20161202150000,20161202070000,89,-22,10231,40,26,0,0,-9999,,
20161202160000,20161202080000,106,-28,10239,340,21,0,0,-9999,,
20161202170000,20161202090000,122,-28,10243,340,26,0,0,-9999,,
20161202180000,20161202100000,133,-22,10245,350,46,0,0,-9999,,
20161202190000,20161202110000,144,-22,10243,310,36,0,0,-9999,,
20161202200000,20161202120000,156,-22,10236,330,41,0,0,-9999,,
20161202210000,20161202130000,161,-17,10231,340,41,0,0,-9999,,
20161202220000,20161202140000,167,-33,10227,360,77,0,0,-9999,,
20161202230000,20161202150000,167,-22,10225,360,77,0,0,-9999,,
20161203000000,20161202160000,156,-11,10225,360,57,0,0,-9999,,
20161203010000,20161202170000,133,11,10227,350,36,0,0,-9999,,
20161203020000,20161202180000,117,17,10228,40,21,0,0,-9999,,
20161203030000,20161202190000,128,-17,10229,0,0,0,0,-9999,,
20161203040000,20161202200000,117,0,10233,0,0,0,0,-9999,,
20161203050000,20161202210000,89,6,10235,0,0,0,0,-9999,,
20161203060000,20161202220000,94,6,10237,0,0,0,0,-9999,,
20161203070000,20161202230000,94,6,10239,0,0,0,0,-9999,,
20161203080000,20161203000000,83,11,10242,0,0,0,0,-9999,,
20161203090000,20161203010000,78,11,10240,240,15,0,0,-9999,,
20161203100000,20161203020000,72,11,10242,0,0,0,0,-9999,,
20161203110000,20161203030000,56,6,10243,0,0,0,0,-9999,,
20161203120000,20161203040000,61,11,10242,0,0,0,0,-9999,,
20161203130000,20161203050000,61,11,10245,0,0,0,0,-9999,,
20161203140000,20161203060000,61,11,10251,0,0,0,0,-9999,,
20161203150000,20161203070000,72,11,10253,250,15,0,0,-9999,,
20161203160000,20161203080000,89,11,10255,0,0,0,0,-9999,,
20161203170000,20161203090000,128,17,10255,0,0,0,0,-9999,,
20161203180000,20161203100000,128,44,10261,350,26,0,0,-9999,,
20161203190000,20161203110000,150,33,10255,360,21,0,0,-9999,,
20161203200000,20161203120000,161,50,10246,350,31,0,0,-9999,,
20161203210000,20161203130000,172,17,10233,320,21,0,0,-9999,,
20161203220000,20161203140000,167,39,10231,330,41,0,0,-9999,,
20161203230000,20161203150000,167,22,10226,320,31,0,0,-9999,,
20161204000000,20161203160000,156,28,10224,340,26,0,0,-9999,,
20161204010000,20161203170000,139,44,10223,320,26,0,0,-9999,,
20161204020000,20161203180000,122,72,10224,0,0,0,0,-9999,,
20161204030000,20161203190000,122,83,10224,260,15,0,0,-9999,,
20161204040000,20161203200000,94,67,10227,120,15,0,0,-9999,,
20161204050000,20161203210000,106,61,10228,190,15,0,0,-9999,,
20161204060000,20161203220000,89,50,10225,110,21,0,0,-9999,,
20161204070000,20161203230000,94,50,10227,0,0,0,0,-9999,,
20161204080000,20161204000000,83,44,10228,0,0,0,0,-9999,,
20161204090000,20161204010000,78,39,10228,0,0,0,0,-9999,,
20161204100000,20161204020000,72,39,10225,0,0,0,0,-9999,,
20161204110000,20161204030000,61,33,10223,0,0,0,0,-9999,,
20161204120000,20161204040000,61,39,10219,0,0,0,0,-9999,,
20161204130000,20161204050000,50,28,10219,0,0,0,0,-9999,,
20161204140000,20161204060000,50,28,10219,0,0,0,0,-9999,,
20161204150000,20161204070000,56,33,10226,0,0,0,0,-9999,,
20161204160000,20161204080000,67,39,10231,0,0,0,0,-9999,,
20161204170000,20161204090000,100,56,10232,0,0,0,0,-9999,,
20161204180000,20161204100000,106,61,10238,360,15,0,0,-9999,,
20161204190000,20161204110000,128,78,10230,10,15,0,0,-9999,,
20161204200000,20161204120000,139,83,10219,360,31,0,0,-9999,,
20161204210000,20161204130000,144,89,10213,360,26,0,0,-9999,,
20161204220000,20161204140000,144,72,10208,20,31,0,0,-9999,,
20161204230000,20161204150000,144,72,10209,350,26,0,0,-9999,,
20161205000000,20161204160000,133,78,10207,330,31,0,0,-9999,,
20161205010000,20161204170000,122,83,10211,0,0,0,0,-9999,,
20161205020000,20161204180000,133,89,10209,300,26,0,0,-9999,,
20161205030000,20161204190000,117,83,10207,0,0,0,0,-9999,,
20161205040000,20161204200000,122,100,10206,320,26,0,0,-9999,,
20161205050000,20161204210000,117,100,10212,320,21,0,0,-9999,,
20161205060000,20161204220000,100,89,10211,180,15,0,0,-9999,,
20161205070000,20161204230000,89,78,10212,0,0,0,0,-9999,,
20161205080000,20161205000000,100,89,10208,0,0,-9999,0,-9999,,
20161205090000,20161205010000,106,83,10207,0,0,-9999,0,-9999,,
20161205100000,20161205020000,106,89,10203,0,0,-9999,0,-9999,,
20161205110000,20161205030000,100,83,10201,0,0,4,0,-9999,,
20161205120000,20161205040000,94,83,10199,0,0,-9999,0,-9999,,
20161205130000,20161205050000,100,89,10196,0,0,-9999,0,-9999,,
20161205140000,20161205060000,106,94,10193,-9999,15,-9999,0,-9999,,
20161205150000,20161205070000,111,89,10197,260,26,-9999,0,-9999,,
20161205160000,20161205080000,106,89,10201,250,31,-9999,0,-9999,,
20161205170000,20161205090000,111,89,10203,270,26,-9999,0,-9999,,
20161205180000,20161205100000,122,83,10203,-9999,15,-9999,0,-9999,,
20161205190000,20161205110000,122,78,10199,300,15,-9999,0,-9999,,
20161205200000,20161205120000,128,78,10195,320,15,-9999,0,-9999,,
20161205210000,20161205130000,133,78,10188,360,31,-9999,0,-9999,,
20161205220000,20161205140000,133,78,10187,20,31,-9999,0,-9999,,
20161205230000,20161205150000,122,78,10187,340,41,2,0,-9999,,
20161206000000,20161205160000,122,78,10183,350,26,0,0,-9999,,
20161206010000,20161205170000,117,72,10177,0,0,2,0,-9999,,
20161206020000,20161205180000,117,72,10174,0,0,0,0,-9999,,
20161206030000,20161205190000,111,78,10176,0,0,0,0,-9999,,
20161206040000,20161205200000,111,78,10178,260,21,4,0,-9999,,
20161206050000,20161205210000,94,67,10177,0,0,0,0,-9999,,
20161206060000,20161205220000,94,78,10181,0,0,0,0,-9999,,
20161206070000,20161205230000,94,67,10186,0,0,-9999,0,-9999,,
20161206080000,20161206000000,89,67,10185,0,0,4,0,-9999,,
20161206090000,20161206010000,89,50,10181,0,0,4,0,-9999,,
20161206100000,20161206020000,89,44,10183,290,21,0,0,-9999,,
20161206110000,20161206030000,72,39,10181,200,15,0,0,-9999,,
20161206120000,20161206040000,61,28,10181,0,0,0,0,-9999,,
20161206130000,20161206050000,61,33,10185,290,15,0,0,-9999,,
20161206140000,20161206060000,61,22,10190,260,15,0,0,-9999,,
20161206150000,20161206070000,61,22,10193,260,21,0,0,-9999,,
20161206160000,20161206080000,72,28,10198,280,15,0,0,-9999,,
20161206170000,20161206090000,94,33,10205,0,0,0,0,-9999,,
20161206180000,20161206100000,106,39,10208,0,0,0,0,-9999,,
20161206190000,20161206110000,117,33,10204,360,31,0,0,-9999,,
20161206200000,20161206120000,122,28,10200,360,36,0,0,-9999,,
20161206210000,20161206130000,128,33,10193,10,31,0,0,-9999,,
20161206220000,20161206140000,117,28,10189,20,31,0,0,-9999,,
20161206230000,20161206150000,128,39,10191,350,41,-9999,0,-9999,,
20161207000000,20161206160000,128,22,10191,310,31,0,0,-9999,,
20161207010000,20161206170000,111,22,10192,280,26,0,0,-9999,,
20161207020000,20161206180000,100,33,10197,280,26,0,0,-9999,,
20161207030000,20161206190000,94,33,10199,-9999,15,0,0,-9999,,
20161207040000,20161206200000,94,33,10202,0,0,0,0,-9999,,
20161207050000,20161206210000,83,28,10204,260,15,0,0,-9999,,
20161207060000,20161206220000,72,22,10208,0,0,0,0,-9999,,
20161207070000,20161206230000,67,28,10211,0,0,0,0,-9999,,
20161207080000,20161207000000,67,22,10214,130,15,0,0,-9999,,
20161207090000,20161207010000,61,28,10216,0,0,0,0,-9999,,
20161207100000,20161207020000,56,22,10215,190,15,0,0,-9999,,
20161207110000,20161207030000,44,17,10213,0,0,0,0,-9999,,
20161207120000,20161207040000,39,22,10212,0,0,0,0,-9999,,
20161207130000,20161207050000,44,22,10213,0,0,0,0,-9999,,
20161207140000,20161207060000,44,22,10216,290,21,0,0,-9999,,
20161207150000,20161207070000,56,28,10221,0,0,0,0,-9999,,
20161207160000,20161207080000,56,28,10226,0,0,2,0,-9999,,
20161207170000,20161207090000,67,33,10230,0,0,-9999,0,-9999,,
20161207180000,20161207100000,83,28,10232,0,0,2,0,-9999,,
20161207190000,20161207110000,100,28,10227,0,0,2,0,-9999,,
20161207200000,20161207120000,106,28,10219,-9999,15,-9999,0,-9999,,
20161207210000,20161207130000,100,39,10214,20,26,-9999,-1,-9999,,
20161207220000,20161207140000,106,33,10208,30,21,-9999,-1,-9999,,
20161207230000,20161207150000,106,28,10207,360,15,-9999,0,-9999,,
20161208000000,20161207160000,106,33,10204,360,21,-9999,-1,-1,,
20161208010000,20161207170000,100,28,10203,0,0,-9999,0,-9999,,
20161208020000,20161207180000,106,39,10198,140,15,-9999,0,-9999,,
20161208030000,20161207190000,111,50,10200,120,26,-9999,-1,-9999,,
20161208040000,20161207200000,111,44,10197,140,26,-9999,-1,-9999,,
20161208050000,20161207210000,106,56,10197,140,31,-9999,3,-9999,,
20161208060000,20161207220000,100,61,10197,120,31,-9999,3,5,,
20161208070000,20161207230000,100,56,10190,130,46,-9999,0,-9999,,
20161208080000,20161208000000,100,61,10183,130,62,-9999,-1,-9999,,
20161208090000,20161208010000,100,67,10177,130,77,-9999,5,-9999,,
20161208100000,20161208020000,100,67,10179,110,51,-9999,-1,-9999,,
20161208110000,20161208030000,100,72,10179,120,62,-9999,-1,-9999,,
20161208120000,20161208040000,100,78,10176,120,62,-9999,-1,5,,
20161208130000,20161208050000,106,83,10174,130,57,-9999,-1,-9999,,
20161208140000,20161208060000,111,89,10180,130,51,-9999,3,-9999,,
20161208150000,20161208070000,111,94,10186,130,51,-9999,3,-9999,,
20161208160000,20161208080000,117,94,10191,140,41,-9999,-1,-9999,,
20161208170000,20161208090000,128,100,10197,130,51,-9999,0,-9999,,
20161208180000,20161208100000,156,117,10205,130,51,-9999,0,5,,
20161208190000,20161208110000,161,111,10205,130,51,4,0,-9999,,
20161208200000,20161208120000,172,111,10201,170,57,-9999,0,-9999,,
20161208210000,20161208130000,172,117,10201,160,51,-9999,0,-9999,,
20161208220000,20161208140000,172,117,10202,150,46,-9999,-1,-9999,,
20161208230000,20161208150000,172,122,10203,160,31,-9999,0,-9999,,
20161209000000,20161208160000,172,122,10205,150,46,-9999,0,-1,,
20161209010000,20161208170000,156,122,10207,140,51,2,0,-9999,,
20161209020000,20161208180000,150,122,10209,150,36,-9999,0,-9999,,
20161209030000,20161208190000,150,122,10212,140,41,-9999,0,-9999,,
20161209040000,20161208200000,144,122,10220,150,21,-9999,0,-9999,,
20161209050000,20161208210000,150,122,10221,150,36,-9999,0,-9999,,
20161209060000,20161208220000,150,122,10229,0,0,-9999,0,-9999,,
20161209070000,20161208230000,144,122,10230,140,31,-9999,0,-9999,,
20161209080000,20161209000000,144,122,10232,150,15,4,0,-9999,,
20161209090000,20161209010000,150,122,10231,180,21,-9999,0,-9999,,
20161209100000,20161209020000,144,122,10232,0,0,-9999,0,-9999,,
20161209110000,20161209030000,144,122,10233,200,15,-9999,0,-9999,,
20161209120000,20161209040000,133,117,10231,140,21,-9999,0,-9999,,
20161209130000,20161209050000,139,117,10231,140,21,-9999,0,-9999,,
20161209140000,20161209060000,139,117,10230,150,31,0,0,-9999,,
20161209150000,20161209070000,144,122,10235,140,36,0,0,-9999,,
20161209160000,20161209080000,144,122,10239,150,26,-9999,0,-9999,,
20161209170000,20161209090000,150,122,10246,160,21,-9999,0,-9999,,
20161209180000,20161209100000,172,122,10251,180,31,4,0,-9999,,
20161209190000,20161209110000,183,122,10248,130,36,-9999,0,-9999,,
20161209200000,20161209120000,183,117,10238,140,26,-9999,0,-9999,,
20161209210000,20161209130000,178,128,10228,360,21,-9999,0,-9999,,
20161209220000,20161209140000,183,128,10223,10,21,-9999,0,-9999,,
20161209230000,20161209150000,183,122,10221,140,36,-9999,0,-9999,,
20161210000000,20161209160000,183,117,10220,200,31,-9999,0,-9999,,
20161210010000,20161209170000,172,128,10218,0,0,-9999,0,-9999,,
20161210020000,20161209180000,172,111,10217,170,21,-9999,0,-9999,,
20161210030000,20161209190000,172,111,10215,160,21,-9999,0,-9999,,
20161210040000,20161209200000,167,117,10212,160,26,-9999,-1,-9999,,
20161210050000,20161209210000,172,122,10212,150,26,-9999,0,-9999,,
20161210060000,20161209220000,172,122,10207,160,41,-9999,0,-1,,
20161210070000,20161209230000,172,128,10208,140,51,-9999,-1,-9999,,
20161210080000,20161210000000,172,128,10205,130,62,-9999,0,-9999,,
20161210090000,20161210010000,167,133,10205,130,41,-9999,-1,-9999,,
20161210100000,20161210020000,161,133,10206,130,31,-9999,3,-9999,,
20161210110000,20161210030000,161,139,10208,140,21,-9999,3,-9999,,
20161210120000,20161210040000,156,139,10207,150,26,-9999,3,8,,
20161210130000,20161210050000,161,139,10199,150,31,-9999,-1,-9999,,
20161210140000,20161210060000,161,133,10202,160,31,-9999,0,-9999,,
20161210150000,20161210070000,167,128,10202,160,31,4,0,-9999,,
20161210160000,20161210080000,161,133,10201,140,36,4,0,-9999,,
20161210170000,20161210090000,172,133,10202,150,41,-9999,0,-9999,,
20161210180000,20161210100000,172,139,10203,140,46,-9999,3,3,,
20161210190000,20161210110000,172,139,10202,150,31,-9999,10,-9999,,
20161210200000,20161210120000,167,144,10192,120,41,-9999,18,-9999,,
20161210210000,20161210130000,161,144,10189,140,36,-9999,46,-9999,,
20161210220000,20161210140000,161,144,10177,140,51,-9999,28,-9999,,
20161210230000,20161210150000,161,144,10178,130,31,-9999,3,-9999,,
20161211000000,20161210160000,156,144,10179,140,26,-9999,13,117,,
20161211010000,20161210170000,161,144,10182,0,0,-9999,-1,-9999,,
20161211020000,20161210180000,150,139,10191,-9999,21,-9999,10,-9999,,
20161211030000,20161210190000,150,128,10190,0,0,-9999,0,-9999,,
20161211040000,20161210200000,144,122,10198,330,21,2,0,-9999,,
20161211050000,20161210210000,133,111,10206,290,26,0,0,-9999,,
20161211060000,20161210220000,128,94,10208,0,0,0,0,10,,
20161211070000,20161210230000,122,83,10215,330,15,0,0,-9999,,
20161211080000,20161211000000,122,83,10220,0,0,0,0,-9999,,
20161211090000,20161211010000,117,89,10218,0,0,0,0,-9999,,
20161211100000,20161211020000,106,89,10217,0,0,0,0,-9999,,
20161211110000,20161211030000,106,89,10221,0,0,0,0,-9999,,
20161211120000,20161211040000,100,72,10218,250,15,0,0,-9999,,
20161211130000,20161211050000,100,67,10222,280,15,-9999,0,-9999,,
20161211140000,20161211060000,94,61,10223,270,21,0,0,-9999,,
20161211150000,20161211070000,89,56,10226,0,0,0,0,-9999,,
20161211160000,20161211080000,89,61,10229,0,0,0,0,-9999,,
20161211170000,20161211090000,94,67,10234,190,15,0,0,-9999,,
20161211180000,20161211100000,111,50,10236,-9999,15,0,0,-9999,,
20161211190000,20161211110000,117,56,10231,-9999,26,0,0,-9999,,
20161211200000,20161211120000,122,50,10226,230,15,0,0,-9999,,
20161211210000,20161211130000,122,56,10219,350,41,0,0,-9999,,
20161211220000,20161211140000,122,61,10220,30,26,0,0,-9999,,
20161211230000,20161211150000,122,61,10219,40,21,0,0,-9999,,
20161212000000,20161211160000,117,50,10216,20,26,0,0,-9999,,
20161212010000,20161211170000,111,56,10214,350,21,0,0,-9999,,
20161212020000,20161211180000,106,56,10212,0,0,0,0,-9999,,
20161212030000,20161211190000,106,61,10212,350,15,0,0,-9999,,
20161212040000,20161211200000,106,61,10212,0,0,0,0,-9999,,
20161212050000,20161211210000,106,61,10214,0,0,-9999,0,-9999,,
20161212060000,20161211220000,106,61,10218,0,0,-9999,0,-9999,,
20161212070000,20161211230000,100,67,10216,200,15,2,0,-9999,,
20161212080000,20161212000000,100,61,10218,0,0,-9999,0,-9999,,
20161212090000,20161212010000,100,61,10215,0,0,4,0,-9999,,
20161212100000,20161212020000,100,61,10216,0,0,-9999,0,-9999,,
20161212110000,20161212030000,100,61,10216,0,0,-9999,0,-9999,,
20161212120000,20161212040000,94,61,10215,0,0,-9999,0,-9999,,
20161212130000,20161212050000,100,56,10211,0,0,-9999,0,-9999,,
20161212140000,20161212060000,100,61,10216,0,0,-9999,0,-9999,,
20161212150000,20161212070000,100,61,10215,0,0,-9999,0,-9999,,
20161212160000,20161212080000,94,56,10219,0,0,0,0,-9999,,
20161212170000,20161212090000,100,61,10223,0,0,0,0,-9999,,
20161212180000,20161212100000,106,67,10226,0,0,0,0,-9999,,
20161212190000,20161212110000,117,61,10222,320,21,0,0,-9999,,
20161212200000,20161212120000,122,67,10217,0,0,0,0,-9999,,
20161212210000,20161212130000,122,67,10209,280,15,0,0,-9999,,
20161212220000,20161212140000,128,61,10204,290,15,0,0,-9999,,
20161212230000,20161212150000,133,61,10205,360,31,0,0,-9999,,
20161213000000,20161212160000,122,67,10202,350,15,0,0,-9999,,
20161213010000,20161212170000,117,67,10198,0,0,0,0,-9999,,
20161213020000,20161212180000,100,67,10197,360,26,0,0,-9999,,
20161213030000,20161212190000,106,67,10198,280,15,0,0,-9999,,
20161213040000,20161212200000,100,67,10200,280,15,0,0,-9999,,
20161213050000,20161212210000,106,67,10197,270,21,0,0,-9999,,
20161213060000,20161212220000,100,67,10198,190,15,2,0,-9999,,
20161213070000,20161212230000,100,67,10197,250,15,4,0,-9999,,
20161213080000,20161213000000,100,67,10198,0,0,-9999,0,-9999,,
20161213090000,20161213010000,100,67,10200,0,0,-9999,0,-9999,,
20161213100000,20161213020000,100,67,10200,240,15,-9999,0,-9999,,
20161213110000,20161213030000,100,72,10201,0,0,-9999,0,-9999,,
20161213120000,20161213040000,100,72,10192,0,0,-9999,0,-9999,,
20161213130000,20161213050000,100,72,10188,100,15,-9999,0,-9999,,
20161213140000,20161213060000,100,72,10189,90,15,-9999,0,-9999,,
20161213150000,20161213070000,106,72,10194,0,0,-9999,0,-9999,,
20161213160000,20161213080000,106,72,10201,310,15,0,0,-9999,,
20161213170000,20161213090000,111,78,10210,350,15,-9999,0,-9999,,
20161213180000,20161213100000,117,83,10216,360,15,-9999,0,-9999,,
20161213190000,20161213110000,128,78,10214,340,15,0,0,-9999,,
20161213200000,20161213120000,133,83,10207,350,31,-9999,0,-9999,,
20161213210000,20161213130000,133,83,10199,350,26,-9999,0,-9999,,
20161213220000,20161213140000,133,83,10190,0,0,-9999,0,-9999,,
20161213230000,20161213150000,133,83,10189,330,21,-9999,0,-9999,,
20161214000000,20161213160000,139,83,10189,340,21,-9999,0,-9999,,
20161214010000,20161213170000,128,83,10189,320,15,-9999,0,-9999,,
20161214020000,20161213180000,133,89,10189,0,0,-9999,0,-9999,,
20161214030000,20161213190000,122,94,10190,0,0,-9999,-1,-9999,,
20161214040000,20161213200000,122,89,10190,0,0,-9999,0,-9999,,
20161214050000,20161213210000,122,94,10194,360,15,-9999,0,-9999,,
20161214060000,20161213220000,122,94,10196,0,0,-9999,0,-1,,
20161214070000,20161213230000,117,94,10193,0,0,-9999,0,-9999,,
20161214080000,20161214000000,117,100,10193,0,0,-9999,0,-9999,,
20161214090000,20161214010000,117,94,10188,0,0,-9999,0,-9999,,
20161214100000,20161214020000,111,94,10189,250,15,-9999,0,-9999,,
20161214110000,20161214030000,117,100,10188,0,0,-9999,0,-9999,,
20161214120000,20161214040000,122,106,10180,0,0,-9999,0,-9999,,
20161214130000,20161214050000,144,117,10177,180,21,-9999,0,-9999,,
20161214140000,20161214060000,150,117,10177,170,21,-9999,0,-9999,,
20161214150000,20161214070000,150,117,10176,150,21,-9999,0,-9999,,
20161214160000,20161214080000,150,117,10177,140,31,-9999,0,-9999,,
20161214170000,20161214090000,156,117,10183,140,26,-9999,0,-9999,,
20161214180000,20161214100000,161,117,10183,140,41,-9999,0,-9999,,
20161214190000,20161214110000,167,117,10180,150,51,-9999,0,-9999,,
20161214200000,20161214120000,172,117,10173,140,46,-9999,0,-9999,,
20161214210000,20161214130000,172,117,10167,150,46,-9999,0,-9999,,
20161214220000,20161214140000,172,117,10164,140,62,-9999,0,-9999,,
20161214230000,20161214150000,167,117,10164,150,46,-9999,0,-9999,,
20161215000000,20161214160000,161,111,10163,140,62,-9999,0,-9999,,
20161215010000,20161214170000,156,111,10163,140,31,4,0,-9999,,
20161215020000,20161214180000,150,111,10164,140,51,-9999,0,-9999,,
20161215030000,20161214190000,150,111,10162,140,31,-9999,0,-9999,,
20161215040000,20161214200000,150,111,10156,150,51,0,0,-9999,,
20161215050000,20161214210000,150,111,10163,130,46,4,0,-9999,,
20161215060000,20161214220000,156,106,10163,140,57,2,0,-9999,,
20161215070000,20161214230000,156,106,10161,130,51,2,0,-9999,,
20161215080000,20161215000000,150,106,10161,-9999,31,0,0,-9999,,
20161215090000,20161215010000,150,111,10159,120,46,-9999,0,-9999,,
20161215100000,20161215020000,150,111,10155,140,41,-9999,0,-9999,,
20161215110000,20161215030000,156,111,10150,130,46,-9999,0,-9999,,
20161215120000,20161215040000,150,111,10141,140,41,-9999,0,-9999,,
20161215130000,20161215050000,144,106,10133,150,46,0,0,-9999,,
20161215140000,20161215060000,156,111,10129,160,51,0,0,-9999,,
20161215150000,20161215070000,144,106,10123,140,62,4,0,-9999,,
20161215160000,20161215080000,150,111,10120,140,57,0,0,-9999,,
20161215170000,20161215090000,156,111,10121,150,41,-9999,0,-9999,,
20161215180000,20161215100000,150,122,10117,150,26,-9999,3,3,,
20161215190000,20161215110000,150,128,10111,160,36,-9999,3,-9999,,
20161215200000,20161215120000,161,122,10096,170,57,-9999,-1,-9999,,
20161215210000,20161215130000,161,117,10086,180,67,-9999,-1,-9999,,
20161215220000,20161215140000,161,117,10075,160,51,-9999,3,-9999,,
20161215230000,20161215150000,161,122,10067,150,82,-9999,3,-9999,,
20161216000000,20161215160000,156,128,10062,150,51,-9999,10,18,,
20161216010000,20161215170000,156,128,10058,-9999,21,-9999,23,-9999,,
20161216020000,20161215180000,150,128,10054,170,31,-9999,18,-9999,FLASH FLOOD,1 LAW ENFORCEMENT
20161216030000,20161215190000,156,128,10046,170,51,-9999,5,-9999,,
20161216040000,20161215200000,156,128,10044,170,46,-9999,5,-9999,,
20161216050000,20161215210000,156,122,10042,190,41,-9999,-1,-9999,,
20161216060000,20161215220000,122,106,10058,290,46,-9999,5,56,,
20161216070000,20161215230000,106,94,10068,320,51,-9999,10,-9999,,
20161216080000,20161216000000,106,67,10079,280,46,-9999,-1,-9999,,
20161216090000,20161216010000,106,56,10083,280,46,-9999,-1,-9999,,
20161216100000,20161216020000,106,50,10090,290,41,-9999,0,-9999,,
20161216110000,20161216030000,106,44,10099,280,36,-9999,0,-9999,,
20161216120000,20161216040000,100,44,10101,290,57,-9999,0,10,,
20161216130000,20161216050000,106,39,10106,290,36,-9999,0,-9999,,
20161216140000,20161216060000,100,39,10111,270,31,2,0,-9999,,
20161216150000,20161216070000,94,33,10121,290,26,4,0,-9999,,
20161216160000,20161216080000,100,33,10127,290,31,-9999,0,-9999,,
20161216170000,20161216090000,100,39,10140,-9999,15,-9999,0,-9999,,
20161216180000,20161216100000,111,39,10146,280,36,4,0,-9999,,
20161216190000,20161216110000,106,28,10151,310,46,4,0,-9999,,
20161216200000,20161216120000,111,17,10149,320,67,0,0,-9999,,
20161216210000,20161216130000,122,22,10146,330,51,2,0,-9999,,
20161216220000,20161216140000,117,11,10146,290,72,2,0,-9999,,
20161216230000,20161216150000,122,11,10148,300,51,0,0,-9999,,
20161217000000,20161216160000,111,17,10155,300,57,0,0,-9999,,
20161217010000,20161216170000,100,22,10161,300,51,0,0,-9999,,
20161217020000,20161216180000,94,22,10169,300,41,0,0,-9999,,
20161217030000,20161216190000,94,22,10176,300,41,0,0,-9999,,
20161217040000,20161216200000,89,17,10183,300,36,0,0,-9999,,
20161217050000,20161216210000,89,17,10190,300,26,0,0,-9999,,
20161217060000,20161216220000,83,11,10196,280,26,0,0,-9999,,
20161217070000,20161216230000,72,17,10205,260,15,0,0,-9999,,
20161217080000,20161217000000,56,11,10208,280,15,0,0,-9999,,
20161217090000,20161217010000,50,6,10213,0,0,0,0,-9999,,
20161217100000,20161217020000,50,6,10221,270,31,0,0,-9999,,
20161217110000,20161217030000,50,6,10230,0,0,0,0,-9999,,
20161217120000,20161217040000,39,0,10231,0,0,0,0,-9999,,
20161217130000,20161217050000,22,-6,10235,0,0,0,0,-9999,,
20161217140000,20161217060000,33,-6,10240,40,15,0,0,-9999,,
20161217150000,20161217070000,28,-11,10249,0,0,0,0,-9999,,
20161217160000,20161217080000,33,6,10254,0,0,0,0,-9999,,
20161217170000,20161217090000,61,11,10262,30,15,0,0,-9999,,
20161217180000,20161217100000,78,22,10269,360,21,0,0,-9999,,
20161217190000,20161217110000,89,22,10269,360,21,0,0,-9999,,
20161217200000,20161217120000,94,-33,10263,350,36,0,0,-9999,,
20161217210000,20161217130000,100,-33,10254,350,26,0,0,-9999,,
20161217220000,20161217140000,111,-39,10250,0,0,0,0,-9999,,
20161217230000,20161217150000,111,-44,10251,10,21,0,0,-9999,,
20161218000000,20161217160000,100,-28,10251,350,21,0,0,-9999,,
20161218010000,20161217170000,94,-39,10249,310,15,0,0,-9999,,
20161218020000,20161217180000,83,-17,10251,250,15,0,0,-9999,,
20161218030000,20161217190000,61,-17,10256,0,0,0,0,-9999,,
20161218040000,20161217200000,56,-17,10261,0,0,0,0,-9999,,
20161218050000,20161217210000,44,-11,10268,0,0,0,0,-9999,,
20161218060000,20161217220000,39,-17,10268,0,0,0,0,-9999,,
20161218070000,20161217230000,39,-17,10272,0,0,0,0,-9999,,
20161218080000,20161218000000,28,-17,10275,0,0,0,0,-9999,,
20161218090000,20161218010000,28,-11,10269,0,0,0,0,-9999,,
20161218100000,20161218020000,17,-17,10270,0,0,0,0,-9999,,
20161218110000,20161218030000,17,-11,10274,270,15,0,0,-9999,,
20161218120000,20161218040000,11,-17,10273,250,15,0,0,-9999,,
20161218130000,20161218050000,22,-11,10275,0,0,0,0,-9999,,
20161218140000,20161218060000,6,-17,10280,0,0,0,0,-9999,,
20161218150000,20161218070000,22,-22,10284,0,0,0,0,-9999,,
20161218160000,20161218080000,33,-28,10287,360,41,0,0,-9999,,
20161218170000,20161218090000,61,-28,10289,360,36,0,0,-9999,,
20161218180000,20161218100000,83,-39,10294,20,51,0,0,-9999,,
20161218190000,20161218110000,89,-44,10295,20,51,0,0,-9999,,
20161218200000,20161218120000,94,-39,10283,340,21,0,0,-9999,,
20161218210000,20161218130000,100,-44,10271,-9999,-9999,0,0,-9999,,
20161218220000,20161218140000,111,-39,10269,-9999,-9999,0,0,-9999,,
20161218230000,20161218150000,111,-44,10268,340,26,0,0,-9999,,
20161219000000,20161218160000,106,-33,10266,10,31,0,0,-9999,,
20161219010000,20161218170000,83,-28,10271,20,57,0,0,-9999,,
20161219020000,20161218180000,78,-28,10278,10,41,0,0,-9999,,
20161219030000,20161218190000,72,-33,10289,20,46,0,0,-9999,,
20161219040000,20161218200000,72,-28,10290,300,21,0,0,-9999,,
20161219050000,20161218210000,67,-28,10293,260,26,0,0,-9999,,
20161219060000,20161218220000,50,-28,10297,0,0,0,0,-9999,,
20161219070000,20161218230000,39,-28,10298,0,0,0,0,-9999,,
20161219080000,20161219000000,33,-17,10300,0,0,0,0,-9999,,
20161219090000,20161219010000,22,-28,10298,0,0,0,0,-9999,,
20161219100000,20161219020000,17,-28,10297,0,0,0,0,-9999,,
20161219110000,20161219030000,17,-28,10294,0,0,0,0,-9999,,
20161219120000,20161219040000,11,-33,10295,0,0,0,0,-9999,,
20161219130000,20161219050000,6,-33,10296,0,0,0,0,-9999,,
20161219140000,20161219060000,11,-33,10302,270,21,0,0,-9999,,
20161219150000,20161219070000,17,-28,10306,0,0,0,0,-9999,,
20161219160000,20161219080000,22,-17,10314,0,0,0,0,-9999,,
20161219170000,20161219090000,44,0,10313,0,0,0,0,-9999,,
20161219180000,20161219100000,61,-6,10318,0,0,0,0,-9999,,
20161219190000,20161219110000,78,-6,10317,360,15,0,0,-9999,,
20161219200000,20161219120000,94,-17,10302,20,15,0,0,-9999,,
20161219210000,20161219130000,111,-6,10287,0,0,0,0,-9999,,
20161219220000,20161219140000,111,0,10285,350,21,0,0,-9999,,
20161219230000,20161219150000,122,11,10280,350,31,0,0,-9999,,
20161220000000,20161219160000,111,11,10286,330,15,0,0,-9999,,
20161220010000,20161219170000,106,6,10274,0,0,0,0,-9999,,
20161220020000,20161219180000,89,11,10277,300,15,0,0,-9999,,
20161220030000,20161219190000,78,17,10279,0,0,0,0,-9999,,
20161220040000,20161219200000,72,11,10282,20,51,0,0,-9999,,
20161220050000,20161219210000,72,17,10282,320,15,0,0,-9999,,
20161220060000,20161219220000,67,11,10280,270,21,0,0,-9999,,
20161220070000,20161219230000,56,11,10283,280,15,0,0,-9999,,
20161220080000,20161220000000,50,17,10284,260,15,0,0,-9999,,
20161220090000,20161220010000,44,11,10280,0,0,0,0,-9999,,
20161220100000,20161220020000,28,0,10282,0,0,0,0,-9999,,
20161220110000,20161220030000,28,6,10283,0,0,0,0,-9999,,
20161220120000,20161220040000,28,0,10280,0,0,0,0,-9999,,
20161220130000,20161220050000,22,6,10275,0,0,0,0,-9999,,
20161220140000,20161220060000,33,6,10277,0,0,0,0,-9999,,
20161220150000,20161220070000,28,0,10280,0,0,0,0,-9999,,
20161220160000,20161220080000,44,11,10280,240,15,0,0,-9999,,
20161220170000,20161220090000,67,17,10284,0,0,0,0,-9999,,
20161220180000,20161220100000,83,22,10283,360,21,0,0,-9999,,
20161220190000,20161220110000,94,17,10276,-9999,15,0,0,-9999,,
20161220200000,20161220120000,117,17,10260,20,26,0,0,-9999,,
20161220210000,20161220130000,128,17,10250,0,0,0,0,-9999,,
20161220220000,20161220140000,139,17,10241,0,0,0,0,-9999,,
20161220230000,20161220150000,144,28,10235,0,0,0,0,-9999,,
20161221000000,20161220160000,133,28,10232,340,26,0,0,-9999,,
20161221010000,20161220170000,106,44,10230,360,26,0,0,-9999,,
20161221020000,20161220180000,100,50,10231,340,21,0,0,-9999,,
20161221030000,20161220190000,106,44,10235,0,0,0,0,-9999,,
20161221040000,20161220200000,100,22,10234,350,31,0,0,-9999,,
20161221050000,20161220210000,106,11,10228,280,21,0,0,-9999,,
20161221060000,20161220220000,89,22,10228,0,0,0,0,-9999,,
20161221070000,20161220230000,83,39,10228,0,0,0,0,-9999,,
20161221080000,20161221000000,72,22,10224,0,0,0,0,-9999,,
20161221090000,20161221010000,78,28,10222,260,15,0,0,-9999,,
20161221100000,20161221020000,72,22,10215,230,15,0,0,-9999,,
20161221110000,20161221030000,56,17,10212,90,15,0,0,-9999,,
20161221120000,20161221040000,56,17,10208,0,0,0,0,-9999,,
20161221130000,20161221050000,56,17,10209,0,0,0,0,-9999,,
20161221140000,20161221060000,89,33,10205,270,31,0,0,-9999,,
20161221150000,20161221070000,117,39,10207,340,41,0,0,-9999,,
20161221160000,20161221080000,117,44,10208,340,26,0,0,-9999,,
20161221170000,20161221090000,128,39,10209,340,46,-9999,0,-9999,,
20161221180000,20161221100000,139,44,10209,350,41,0,0,-9999,,
20161221190000,20161221110000,150,50,10205,350,31,0,0,-9999,,
20161221200000,20161221120000,161,33,10194,340,31,0,0,-9999,,
20161221210000,20161221130000,172,33,10182,320,36,0,0,-9999,,
20161221220000,20161221140000,178,39,10177,330,26,0,0,-9999,,
20161221230000,20161221150000,172,50,10173,20,72,0,0,-9999,,
20161222000000,20161221160000,156,44,10172,30,67,0,0,-9999,,
20161222010000,20161221170000,139,39,10170,10,57,0,0,-9999,,
20161222020000,20161221180000,133,33,10172,340,57,0,0,-9999,,
20161222030000,20161221190000,122,33,10176,350,41,0,0,-9999,,
20161222040000,20161221200000,133,22,10179,330,36,0,0,-9999,,
20161222050000,20161221210000,122,22,10180,270,36,0,0,-9999,,
20161222060000,20161221220000,122,17,10180,290,36,0,0,-9999,,
20161222070000,20161221230000,122,11,10176,320,31,0,0,-9999,,
20161222080000,20161222000000,128,6,10171,320,31,0,0,-9999,,
20161222090000,20161222010000,122,6,10167,340,41,0,0,-9999,,
20161222100000,20161222020000,72,11,10168,0,0,0,0,-9999,,
20161222110000,20161222030000,61,11,10167,0,0,0,0,-9999,,
20161222120000,20161222040000,83,6,10163,310,31,0,0,-9999,,
20161222130000,20161222050000,94,6,10163,290,26,0,0,-9999,,
20161222140000,20161222060000,89,0,10162,290,21,0,0,-9999,,
20161222150000,20161222070000,83,6,10166,280,36,0,0,-9999,,
20161222160000,20161222080000,83,6,10171,270,26,0,0,-9999,,
20161222170000,20161222090000,106,33,10173,-9999,15,0,0,-9999,,
20161222180000,20161222100000,117,50,10178,10,15,0,0,-9999,,
20161222190000,20161222110000,128,61,10177,350,15,0,0,-9999,,
20161222200000,20161222120000,144,33,10165,310,15,0,0,-9999,,
20161222210000,20161222130000,161,17,10156,350,21,0,0,-9999,,
20161222220000,20161222140000,167,22,10152,360,36,0,0,-9999,,
20161222230000,20161222150000,167,22,10151,10,15,0,0,-9999,,
20161223000000,20161222160000,161,28,10154,360,21,0,0,-9999,,
20161223010000,20161222170000,139,28,10151,0,0,0,0,-9999,,
20161223020000,20161222180000,111,39,10160,0,0,0,0,-9999,,
20161223030000,20161222190000,100,44,10163,0,0,0,0,-9999,,
20161223040000,20161222200000,100,78,10166,310,21,0,0,-9999,,
20161223050000,20161222210000,83,67,10165,0,0,0,0,-9999,,
20161223060000,20161222220000,83,67,10165,0,0,0,0,-9999,,
20161223070000,20161222230000,83,67,10162,0,0,0,0,-9999,,
20161223080000,20161223000000,89,50,10154,0,0,0,0,-9999,,
20161223090000,20161223010000,83,44,10144,-9999,15,-9999,0,-9999,,
20161223100000,20161223020000,100,39,10137,180,26,-9999,0,-9999,,
20161223110000,20161223030000,122,33,10131,130,57,-9999,0,-9999,,
20161223120000,20161223040000,128,33,10127,140,46,-9999,0,-9999,,
20161223130000,20161223050000,117,39,10131,100,41,-9999,3,-9999,,
20161223140000,20161223060000,100,56,10119,130,26,-9999,20,-9999,,
20161223150000,20161223070000,94,78,10128,140,21,-9999,71,-9999,,
20161223160000,20161223080000,89,72,10124,140,41,-9999,5,-9999,,
20161223170000,20161223090000,94,72,10121,140,51,-9999,-1,-9999,,
20161223180000,20161223100000,100,78,10118,130,77,-9999,0,99,,
20161223190000,20161223110000,111,78,10112,140,57,-9999,0,-9999,,
20161223200000,20161223120000,106,78,10116,140,26,-9999,23,-9999,,
20161223210000,20161223130000,111,94,10102,110,41,-9999,3,-9999,,
20161223220000,20161223140000,117,94,10097,180,21,-9999,3,-9999,,
20161223230000,20161223150000,122,83,10098,310,36,-9999,-1,-9999,,
20161224000000,20161223160000,117,78,10105,300,36,-9999,-1,28,,
20161224010000,20161223170000,106,67,10105,300,21,2,0,-9999,,
20161224020000,20161223180000,89,61,10105,260,31,-9999,10,-9999,,
20161224030000,20161223190000,89,61,10108,270,21,4,-1,-9999,,
20161224040000,20161223200000,89,50,10112,260,21,4,-1,-9999,,
20161224050000,20161223210000,78,50,10114,260,21,0,0,-9999,,
20161224060000,20161223220000,78,44,10116,0,0,0,0,10,,
20161224070000,20161223230000,67,33,10120,0,0,0,0,-9999,,
20161224080000,20161224000000,61,39,10118,280,21,2,0,-9999,,
20161224090000,20161224010000,67,33,10118,270,31,0,0,-9999,,
20161224100000,20161224020000,72,28,10117,260,36,2,0,-9999,,
20161224110000,20161224030000,72,33,10120,280,26,2,0,-9999,,
20161224120000,20161224040000,72,28,10121,280,26,0,0,-9999,,
20161224130000,20161224050000,61,22,10119,290,15,0,0,-9999,,
20161224140000,20161224060000,67,22,10120,270,15,0,0,-9999,,
20161224150000,20161224070000,61,17,10123,0,0,0,0,-9999,,
20161224160000,20161224080000,44,17,10127,0,0,0,0,-9999,,
20161224170000,20161224090000,83,28,10130,-9999,26,0,0,-9999,,
20161224180000,20161224100000,94,39,10137,10,26,0,0,-9999,,
20161224190000,20161224110000,100,39,10135,350,31,0,0,-9999,,
20161224200000,20161224120000,100,33,10130,350,62,0,0,-9999,,
20161224210000,20161224130000,106,33,10125,330,41,0,0,-9999,,
20161224220000,20161224140000,106,28,10125,350,46,0,0,-9999,,
20161224230000,20161224150000,106,17,10125,350,51,0,0,-9999,,
20161225000000,20161224160000,100,28,10130,330,31,0,0,-9999,,
20161225010000,20161224170000,89,28,10133,290,26,0,0,-9999,,
20161225020000,20161224180000,83,33,10137,280,36,0,0,-9999,,
20161225030000,20161224190000,78,33,10144,260,26,0,0,-9999,,
20161225040000,20161224200000,72,28,10151,260,21,0,0,-9999,,
20161225050000,20161224210000,67,22,10156,270,15,0,0,-9999,,
20161225060000,20161224220000,61,22,10158,210,15,0,0,-9999,,
20161225070000,20161224230000,44,11,10165,0,0,0,0,-9999,,
20161225080000,20161225000000,44,11,10168,0,0,0,0,-9999,,
20161225090000,20161225010000,33,11,10171,140,15,0,0,-9999,,
20161225100000,20161225020000,22,0,10175,150,15,0,0,-9999,,
20161225110000,20161225030000,17,0,10177,150,21,0,0,-9999,,
20161225120000,20161225040000,28,6,10176,150,21,0,0,-9999,,
20161225130000,20161225050000,28,6,10177,170,26,0,0,-9999,,
20161225140000,20161225060000,33,6,10178,150,21,0,0,-9999,,
20161225150000,20161225070000,33,6,10177,140,31,0,0,-9999,,
20161225160000,20161225080000,44,11,10182,160,21,2,0,-9999,,
20161225170000,20161225090000,50,22,10185,130,31,-9999,0,-9999,,
20161225180000,20161225100000,72,22,10189,140,31,2,0,-9999,,
20161225190000,20161225110000,100,22,10188,120,41,0,0,-9999,,
20161225200000,20161225120000,111,11,10181,120,51,-9999,0,-9999,,
20161225210000,20161225130000,122,-11,10176,110,41,0,0,-9999,,
20161225220000,20161225140000,111,-11,10174,120,15,0,0,-9999,,
20161225230000,20161225150000,117,-11,10175,90,15,4,0,-9999,,
20161226000000,20161225160000,111,6,10175,120,26,2,0,-9999,,
20161226010000,20161225170000,100,33,10175,30,46,-9999,0,-9999,,
20161226020000,20161225180000,78,22,10179,0,0,4,0,-9999,,
20161226030000,20161225190000,83,17,10189,150,15,0,0,-9999,,
20161226040000,20161225200000,72,11,10196,90,15,0,0,-9999,,
20161226050000,20161225210000,61,17,10208,320,15,0,0,-9999,,
20161226060000,20161225220000,56,22,10215,0,0,0,0,-9999,,
20161226070000,20161225230000,50,17,10222,280,21,0,0,-9999,,
20161226080000,20161226000000,56,22,10224,40,26,0,0,-9999,,
20161226090000,20161226010000,44,17,10225,250,26,0,0,-9999,,
20161226100000,20161226020000,39,11,10232,270,26,0,0,-9999,,
20161226110000,20161226030000,39,11,10237,210,15,0,0,-9999,,
20161226120000,20161226040000,33,6,10237,0,0,0,0,-9999,,
20161226130000,20161226050000,22,0,10242,0,0,0,0,-9999,,
20161226140000,20161226060000,11,-11,10248,10,15,0,0,-9999,,
20161226150000,20161226070000,39,-11,10252,350,51,0,0,-9999,,
20161226160000,20161226080000,39,-6,10257,250,21,0,0,-9999,,
20161226170000,20161226090000,50,17,10266,340,26,0,0,-9999,,
20161226180000,20161226100000,72,11,10271,360,21,0,0,-9999,,
20161226190000,20161226110000,83,6,10269,0,0,0,0,-9999,,
20161226200000,20161226120000,94,0,10265,360,31,0,0,-9999,,
20161226210000,20161226130000,106,0,10261,40,15,0,0,-9999,,
20161226220000,20161226140000,106,0,10256,340,26,0,0,-9999,,
20161226230000,20161226150000,117,0,10254,20,46,0,0,-9999,,
20161227000000,20161226160000,106,-17,10255,360,46,0,0,-9999,,
20161227010000,20161226170000,94,-11,10258,350,41,0,0,-9999,,
20161227020000,20161226180000,83,-28,10258,320,26,0,0,-9999,,
20161227030000,20161226190000,78,-11,10261,290,21,0,0,-9999,,
20161227040000,20161226200000,72,-22,10272,-9999,15,0,0,-9999,,
20161227050000,20161226210000,72,-22,10283,300,15,0,0,-9999,,
20161227060000,20161226220000,61,-17,10287,260,26,0,0,-9999,,
20161227070000,20161226230000,44,-22,10284,0,0,0,0,-9999,,
20161227080000,20161227000000,44,-17,10287,260,15,0,0,-9999,,
20161227090000,20161227010000,44,-6,10284,240,15,0,0,-9999,,
20161227100000,20161227020000,33,-6,10277,0,0,0,0,-9999,,
20161227110000,20161227030000,33,-11,10286,0,0,0,0,-9999,,
20161227120000,20161227040000,33,-11,10279,180,15,0,0,-9999,,
20161227130000,20161227050000,28,-11,10279,0,0,0,0,-9999,,
20161227140000,20161227060000,22,-17,10278,0,0,0,0,-9999,,
20161227150000,20161227070000,28,-17,10278,0,0,0,0,-9999,,
20161227160000,20161227080000,28,-17,10287,210,15,0,0,-9999,,
20161227170000,20161227090000,67,0,10289,0,0,0,0,-9999,,
20161227180000,20161227100000,83,-11,10290,10,15,0,0,-9999,,
20161227190000,20161227110000,83,0,10286,350,21,0,0,-9999,,
20161227200000,20161227120000,94,0,10283,350,36,0,0,-9999,,
20161227210000,20161227130000,117,-22,10273,330,21,0,0,-9999,,
20161227220000,20161227140000,133,-22,10262,0,0,0,0,-9999,,
20161227230000,20161227150000,122,11,10260,350,41,0,0,-9999,,
20161228000000,20161227160000,106,17,10265,330,26,0,0,-9999,,
20161228010000,20161227170000,100,6,10262,280,15,0,0,-9999,,
20161228020000,20161227180000,100,11,10263,270,26,0,0,-9999,,
20161228030000,20161227190000,72,11,10265,0,0,0,0,-9999,,
20161228040000,20161227200000,78,17,10265,0,0,0,0,-9999,,
20161228050000,20161227210000,56,6,10268,0,0,0,0,-9999,,
20161228060000,20161227220000,56,11,10274,0,0,0,0,-9999,,
20161228070000,20161227230000,56,11,10276,0,0,0,0,-9999,,
20161228080000,20161228000000,50,6,10274,260,15,0,0,-9999,,
20161228090000,20161228010000,44,6,10269,0,0,0,0,-9999,,
20161228100000,20161228020000,39,0,10270,0,0,0,0,-9999,,
20161228110000,20161228030000,33,0,10270,280,15,0,0,-9999,,
20161228120000,20161228040000,22,-6,10266,0,0,0,0,-9999,,
20161228130000,20161228050000,28,-6,10264,0,0,0,0,-9999,,
20161228140000,20161228060000,39,0,10264,250,15,0,0,-9999,,
20161228150000,20161228070000,33,0,10266,0,0,0,0,-9999,,
20161228160000,20161228080000,39,6,10268,0,0,0,0,-9999,,
20161228170000,20161228090000,67,17,10271,0,0,0,0,-9999,,
20161228180000,20161228100000,89,6,10274,360,15,0,0,-9999,,
20161228190000,20161228110000,111,11,10268,340,36,0,0,-9999,,
20161228200000,20161228120000,122,17,10258,350,21,0,0,-9999,,
20161228210000,20161228130000,133,11,10249,-9999,15,0,0,-9999,,
20161228220000,20161228140000,144,11,10238,10,31,0,0,-9999,,
20161228230000,20161228150000,150,6,10233,340,36,0,0,-9999,,
20161229000000,20161228160000,156,0,10232,320,36,0,0,-9999,,
20161229010000,20161228170000,144,0,10229,330,51,0,0,-9999,,
20161229020000,20161228180000,133,-6,10229,330,36,0,0,-9999,,
20161229030000,20161228190000,117,0,10235,330,15,0,0,-9999,,
20161229040000,20161228200000,83,0,10240,0,0,0,0,-9999,,
20161229050000,20161228210000,94,6,10243,280,15,0,0,-9999,,
20161229060000,20161228220000,72,6,10244,0,0,0,0,-9999,,
20161229070000,20161228230000,67,6,10241,0,0,0,0,-9999,,
20161229080000,20161229000000,50,0,10237,0,0,0,0,-9999,,
20161229090000,20161229010000,44,0,10233,0,0,0,0,-9999,,
20161229100000,20161229020000,39,0,10231,0,0,0,0,-9999,,
20161229110000,20161229030000,39,0,10230,240,15,0,0,-9999,,
20161229120000,20161229040000,28,-6,10228,0,0,0,0,-9999,,
20161229130000,20161229050000,33,0,10223,0,0,0,0,-9999,,
20161229140000,20161229060000,28,-6,10223,0,0,0,0,-9999,,
20161229150000,20161229070000,28,-6,10224,-9999,15,0,0,-9999,,
20161229160000,20161229080000,28,0,10228,0,0,0,0,-9999,,
20161229170000,20161229090000,78,28,10232,0,0,0,0,-9999,,
20161229180000,20161229100000,100,28,10237,0,0,0,0,-9999,,
20161229190000,20161229110000,122,11,10235,10,21,0,0,-9999,,
20161229200000,20161229120000,122,28,10229,-9999,-9999,0,0,-9999,,
20161229210000,20161229130000,133,17,10218,350,21,0,0,-9999,,
20161229220000,20161229140000,150,39,10210,350,21,0,0,-9999,,
20161229230000,20161229150000,150,39,10207,330,21,0,0,-9999,,
20161230000000,20161229160000,150,39,10206,290,21,0,0,-9999,,
20161230010000,20161229170000,122,44,10206,330,21,0,0,-9999,,
20161230020000,20161229180000,111,44,10204,320,15,0,0,-9999,,
20161230030000,20161229190000,111,44,10204,0,0,0,0,-9999,,
20161230040000,20161229200000,100,44,10205,0,0,0,0,-9999,,
20161230050000,20161229210000,89,44,10207,280,15,0,0,-9999,,
20161230060000,20161229220000,89,39,10210,230,15,0,0,-9999,,
20161230070000,20161229230000,72,33,10208,230,15,0,0,-9999,,
20161230080000,20161230000000,67,33,10204,0,0,0,0,-9999,,
20161230090000,20161230010000,67,33,10199,0,0,0,0,-9999,,
20161230100000,20161230020000,56,28,10196,0,0,0,0,-9999,,
20161230110000,20161230030000,50,22,10192,0,0,0,0,-9999,,
20161230120000,20161230040000,61,33,10189,0,0,0,0,-9999,,
20161230130000,20161230050000,61,33,10190,0,0,0,0,-9999,,
20161230140000,20161230060000,56,28,10190,100,21,0,0,-9999,,
20161230150000,20161230070000,61,33,10189,0,0,0,0,-9999,,
20161230160000,20161230080000,61,33,10188,0,0,0,0,-9999,,
20161230170000,20161230090000,78,44,10188,0,0,0,0,-9999,,
20161230180000,20161230100000,100,50,10190,90,15,0,0,-9999,,
20161230190000,20161230110000,106,50,10188,0,0,4,0,-9999,,
20161230200000,20161230120000,117,56,10180,0,0,-9999,0,-9999,,
20161230210000,20161230130000,133,50,10166,350,15,2,0,-9999,,
20161230220000,20161230140000,144,50,10160,350,21,2,0,-9999,,
20161230230000,20161230150000,144,39,10151,360,15,0,0,-9999,,
20161231000000,20161230160000,139,56,10148,0,0,0,0,-9999,,
20161231010000,20161230170000,128,44,10144,0,0,0,0,-9999,,
20161231020000,20161230180000,100,72,10144,360,41,0,0,-9999,,
20161231030000,20161230190000,94,72,10146,0,0,0,0,-9999,,
20161231040000,20161230200000,111,67,10147,270,41,0,0,-9999,,
20161231050000,20161230210000,106,61,10146,260,31,0,0,-9999,,
20161231060000,20161230220000,100,56,10146,280,41,4,0,-9999,,
20161231070000,20161230230000,100,50,10147,260,31,-9999,0,-9999,,
20161231080000,20161231000000,100,44,10144,270,31,-9999,0,-9999,,
20161231090000,20161231010000,94,39,10139,260,46,-9999,0,-9999,,
20161231100000,20161231020000,94,39,10142,240,15,-9999,0,-9999,,
20161231110000,20161231030000,94,39,10140,180,15,-9999,0,-9999,,
20161231120000,20161231040000,89,33,10138,0,0,-9999,0,-9999,,
20161231130000,20161231050000,78,17,10135,190,21,0,0,-9999,,
20161231140000,20161231060000,50,6,10138,150,15,0,0,-9999,,
20161231150000,20161231070000,67,11,10138,170,31,2,0,-9999,,
20161231160000,20161231080000,61,17,10138,200,21,0,0,-9999,,
20161231170000,20161231090000,78,28,10145,80,21,0,0,-9999,,
20161231180000,20161231100000,106,28,10148,90,21,0,0,-9999,,
20161231190000,20161231110000,117,28,10150,-9999,15,-9999,0,-9999,,
20161231200000,20161231120000,106,28,10146,30,51,-9999,0,-9999,,
20161231210000,20161231130000,117,33,10145,30,67,0,0,-9999,,
20161231220000,20161231140000,122,17,10140,20,31,0,0,-9999,,
20161231230000,20161231150000,117,11,10134,350,15,0,0,-9999,,
-9999,-9999,-9999,-9999,-9999,-9999,-9999,-9999,-9999,-9999,,
20170101010000,20161231170000,100,33,10142,320,21,-9999,0,-9999,,
20170101020000,20161231180000,94,22,10147,290,21,0,0,-9999,,
20170101030000,20161231190000,89,28,10151,280,21,0,0,-9999,,
20170101040000,20161231200000,83,22,10157,280,15,0,0,-9999,,
20170101050000,20161231210000,72,28,10154,140,15,0,0,-9999,,
20170101060000,20161231220000,67,22,10156,0,0,0,0,-9999,,
20170101070000,20161231230000,67,17,10157,0,0,0,0,-9999,,
20170101080000,20170101000000,44,11,10155,120,26,0,0,-9999,,
20170101090000,20170101010000,44,11,10152,0,0,0,0,-9999,,
20170101100000,20170101020000,67,28,10156,200,26,-9999,0,-9999,,
20170101110000,20170101030000,78,28,10160,170,15,-9999,0,-9999,,
20170101120000,20170101040000,78,33,10154,170,15,-9999,0,-9999,,
20170101130000,20170101050000,67,28,10146,0,0,2,0,-9999,,
20170101140000,20170101060000,67,33,10148,150,15,-9999,0,-9999,,
20170101150000,20170101070000,67,39,10148,150,15,-9999,0,-9999,,
20170101160000,20170101080000,72,33,10152,170,21,-9999,0,-9999,,
20170101170000,20170101090000,78,39,10152,0,0,-9999,0,-9999,,
20170101180000,20170101100000,100,28,10155,260,31,-9999,0,-9999,,
20170101190000,20170101110000,106,22,10155,280,41,-9999,0,-9999,,
20170101200000,20170101120000,117,17,10153,280,36,-9999,0,-9999,,
20170101210000,20170101130000,117,22,10144,290,36,-9999,0,-9999,,
20170101220000,20170101140000,117,17,10139,290,31,2,0,-9999,,
20170101230000,20170101150000,122,11,10138,310,41,-9999,0,-9999,,
20170102000000,20170101160000,117,6,10139,300,36,0,0,-9999,,
20170102010000,20170101170000,100,17,10142,260,31,0,0,-9999,,
20170102020000,20170101180000,89,11,10143,250,26,0,0,-9999,,
20170102030000,20170101190000,89,17,10149,240,15,2,0,-9999,,
20170102040000,20170101200000,83,22,10153,0,0,-9999,0,-9999,,
20170102050000,20170101210000,78,39,10164,250,21,-9999,3,-9999,,
20170102060000,20170101220000,78,44,10165,0,0,-9999,-1,3,,
20170102070000,20170101230000,78,44,10164,0,0,-9999,-1,-9999,,
20170102080000,20170102000000,78,44,10160,-9999,15,-9999,0,-9999,,
20170102090000,20170102010000,72,44,10163,170,31,-9999,-1,-9999,,
20170102100000,20170102020000,78,39,10167,150,15,-9999,0,-9999,,
20170102110000,20170102030000,67,39,10168,130,26,-9999,3,-9999,,
20170102120000,20170102040000,67,39,10167,150,26,-9999,5,8,,
20170102130000,20170102050000,61,39,10161,140,31,-9999,3,-9999,,
20170102140000,20170102060000,67,39,10164,150,26,-9999,-1,-9999,,
20170102150000,20170102070000,67,39,10165,160,26,-9999,0,-9999,,
20170102160000,20170102080000,67,33,10168,0,0,-9999,0,-9999,,
20170102170000,20170102090000,72,44,10170,130,41,4,0,-9999,,
20170102180000,20170102100000,78,50,10178,140,21,-9999,-1,3,,
20170102190000,20170102110000,89,50,10181,180,31,-9999,3,-9999,,
20170102200000,20170102120000,94,50,10177,170,26,-9999,-1,-9999,,
20170102210000,20170102130000,100,44,10173,150,21,-9999,-1,-9999,,
20170102220000,20170102140000,100,50,10174,130,31,-9999,0,-9999,,
20170102230000,20170102150000,106,50,10174,-9999,21,-9999,-1,-9999,,
20170103000000,20170102160000,106,50,10174,160,36,-9999,0,3,,
20170103010000,20170102170000,100,56,10175,150,15,2,-1,-9999,,
20170103020000,20170102180000,94,50,10177,140,26,-9999,0,-9999,,
20170103030000,20170102190000,89,56,10181,140,36,-9999,0,-9999,,
20170103040000,20170102200000,89,56,10183,140,41,-9999,0,-9999,,
20170103050000,20170102210000,89,61,10188,140,57,-9999,0,-9999,,
20170103060000,20170102220000,89,61,10188,140,36,-9999,0,-1,,
20170103070000,20170102230000,94,61,10196,140,31,-9999,0,-9999,,
20170103080000,20170103000000,94,61,10197,160,21,-9999,0,-9999,,
20170103090000,20170103010000,89,67,10195,140,31,-9999,-1,-9999,,
20170103100000,20170103020000,94,67,10199,140,46,-9999,0,-9999,,
20170103110000,20170103030000,94,67,10199,150,31,-9999,5,-9999,,
20170103120000,20170103040000,89,72,10197,140,31,-9999,3,8,,
20170103130000,20170103050000,89,72,10191,130,51,-9999,10,-9999,,
20170103140000,20170103060000,89,72,10189,160,26,-9999,-1,-9999,,
20170103150000,20170103070000,94,72,10184,150,31,-9999,0,-9999,,
20170103160000,20170103080000,94,67,10179,160,26,-9999,0,-9999,,
20170103170000,20170103090000,106,67,10175,160,31,-9999,0,-9999,,
20170103180000,20170103100000,111,67,10180,170,51,-9999,0,10,,
20170103190000,20170103110000,117,61,10175,160,46,-9999,0,-9999,,
20170103200000,20170103120000,122,72,10167,140,41,-9999,-1,-9999,,
20170103210000,20170103130000,122,78,10152,130,62,-9999,3,-9999,,
20170103220000,20170103140000,122,83,10147,150,51,-9999,-1,-9999,,
20170103230000,20170103150000,122,83,10140,140,72,-9999,-1,-9999,,
20170104000000,20170103160000,122,94,10142,150,57,-9999,18,18,,
20170104010000,20170103170000,128,94,10133,160,62,-9999,10,-9999,,
20170104020000,20170103180000,122,94,10132,140,62,-9999,10,-9999,,
20170104030000,20170103190000,122,100,10133,140,98,-9999,3,-9999,,
20170104040000,20170103200000,128,100,10133,140,82,-9999,10,-9999,,
20170104050000,20170103210000,128,100,10132,140,88,-9999,10,-9999,,
20170104060000,20170103220000,128,100,10134,130,72,-9999,3,48,,
20170104070000,20170103230000,128,106,10129,140,82,-9999,3,-9999,,
20170104080000,20170104000000,122,106,10133,120,88,-9999,10,-9999,,
20170104090000,20170104010000,128,106,10128,130,67,-9999,5,-9999,,
20170104100000,20170104020000,133,111,10128,130,67,-9999,3,-9999,,
20170104110000,20170104030000,139,111,10132,150,41,-9999,5,-9999,,
20170104120000,20170104040000,139,111,10137,150,41,-9999,-1,25,,
20170104130000,20170104050000,139,122,10141,210,15,-9999,3,-9999,,
20170104140000,20170104060000,133,117,10135,140,21,-9999,3,-9999,,
20170104150000,20170104070000,128,117,10142,0,0,-9999,-1,-9999,,
20170104160000,20170104080000,122,111,10150,350,26,-9999,3,-9999,,
20170104170000,20170104090000,122,117,10150,0,0,-9999,-1,-9999,,
20170104180000,20170104100000,128,117,10155,360,15,-9999,-1,8,,
20170104190000,20170104110000,122,111,10161,330,31,-9999,-1,-9999,,
20170104200000,20170104120000,111,100,10152,360,46,-9999,3,-9999,,
20170104210000,20170104130000,117,89,10147,350,41,-9999,0,-9999,,
20170104220000,20170104140000,111,83,10146,340,41,-9999,-1,-9999,,
20170104230000,20170104150000,106,89,10150,340,36,-9999,-1,-9999,,
20170105000000,20170104160000,106,89,10152,350,36,-9999,3,5,,
20170105010000,20170104170000,100,89,10145,0,0,-9999,-1,-9999,,
20170105020000,20170104180000,106,89,10140,240,15,-9999,-1,-9999,,
20170105030000,20170104190000,94,83,10142,300,15,-9999,5,-9999,,
20170105040000,20170104200000,89,72,10148,300,41,-9999,10,-9999,,
20170105050000,20170104210000,89,83,10153,330,31,-9999,8,-9999,,
20170105060000,20170104220000,89,78,10155,300,21,-9999,8,30,,
20170105070000,20170104230000,89,78,10156,310,21,-9999,10,-9999,,
20170105080000,20170105000000,83,78,10159,330,15,-9999,8,-9999,,
20170105090000,20170105010000,89,78,10160,320,21,-9999,3,-9999,,
20170105100000,20170105020000,83,72,10162,0,0,-9999,-1,-9999,,
20170105110000,20170105030000,78,61,10163,0,0,4,0,-9999,,
20170105120000,20170105040000,72,61,10164,150,15,0,0,20,,
20170105130000,20170105050000,72,67,10164,0,0,-9999,0,-9999,,
20170105140000,20170105060000,72,50,10168,300,21,0,0,-9999,,
20170105150000,20170105070000,72,44,10171,260,21,-9999,0,-9999,,
20170105160000,20170105080000,72,28,10176,270,31,0,0,-9999,,
20170105170000,20170105090000,72,28,10185,270,26,0,0,-9999,,
20170105180000,20170105100000,89,17,10188,280,26,0,0,-9999,,
20170105190000,20170105110000,100,0,10186,330,46,0,0,-9999,,
20170105200000,20170105120000,100,0,10183,350,46,0,0,-9999,,
20170105210000,20170105130000,100,0,10177,360,41,0,0,-9999,,
20170105220000,20170105140000,106,6,10176,360,51,0,0,-9999,,
20170105230000,20170105150000,100,0,10177,340,51,0,0,-9999,,
20170106000000,20170105160000,94,6,10181,350,46,0,0,-9999,,
20170106010000,20170105170000,89,0,10182,-9999,21,0,0,-9999,,
20170106020000,20170105180000,83,6,10187,0,0,0,0,-9999,,
20170106030000,20170105190000,72,11,10189,250,15,0,0,-9999,,
20170106040000,20170105200000,61,17,10190,270,15,0,0,-9999,,
20170106050000,20170105210000,56,11,10193,270,21,0,0,-9999,,
20170106060000,20170105220000,50,-6,10197,360,31,0,0,-9999,,
20170106070000,20170105230000,56,-17,10202,340,31,0,0,-9999,,
20170106080000,20170106000000,39,-11,10201,270,21,0,0,-9999,,
20170106090000,20170106010000,33,-11,10201,230,15,0,0,-9999,,
20170106100000,20170106020000,28,-17,10201,240,15,0,0,-9999,,
20170106110000,20170106030000,22,-22,10201,0,0,0,0,-9999,,
20170106120000,20170106040000,11,-22,10201,0,0,0,0,-9999,,
20170106130000,20170106050000,17,-28,10200,230,15,0,0,-9999,,
20170106140000,20170106060000,6,-33,10201,150,15,0,0,-9999,,
20170106150000,20170106070000,17,-28,10204,210,15,0,0,-9999,,
20170106160000,20170106080000,6,-39,10210,0,0,0,0,-9999,,
20170106170000,20170106090000,33,-22,10211,220,21,0,0,-9999,,
20170106180000,20170106100000,61,-17,10215,30,15,0,0,-9999,,
20170106190000,20170106110000,61,-6,10211,-9999,21,0,0,-9999,,
20170106200000,20170106120000,78,-28,10204,0,0,0,0,-9999,,
20170106210000,20170106130000,89,-28,10187,0,0,0,0,-9999,,
20170106220000,20170106140000,106,-11,10185,360,21,0,0,-9999,,
20170106230000,20170106150000,106,0,10178,10,21,0,0,-9999,,
20170107000000,20170106160000,100,0,10178,350,15,0,0,-9999,,
20170107010000,20170106170000,89,17,10180,30,15,-9999,0,-9999,,
20170107020000,20170106180000,83,17,10178,0,0,2,0,-9999,,
20170107030000,20170106190000,83,22,10177,0,0,-9999,0,-9999,,
20170107040000,20170106200000,83,22,10178,230,15,4,0,-9999,,
20170107050000,20170106210000,83,22,10179,280,15,-9999,-1,-9999,,
20170107060000,20170106220000,78,33,10173,290,15,-9999,-1,-1,,
20170107070000,20170106230000,78,39,10181,330,15,-9999,0,-9999,,
20170107080000,20170107000000,78,39,10176,130,21,-9999,-1,-9999,,
20170107090000,20170107010000,78,44,10162,0,0,-9999,-1,-9999,,
20170107100000,20170107020000,83,44,10156,350,15,-9999,0,-9999,,
20170107110000,20170107030000,78,44,10153,310,15,-9999,5,-9999,,
20170107120000,20170107040000,78,56,10140,170,21,-9999,8,13,,
20170107130000,20170107050000,100,72,10129,160,62,-9999,5,-9999,,
20170107140000,20170107060000,106,72,10125,150,77,-9999,-1,-9999,,
20170107150000,20170107070000,106,78,10125,140,57,-9999,-1,-9999,FLASH FLOOD,1 NEWSPAPER
20170107160000,20170107080000,111,83,10132,140,88,-9999,3,-9999,,
20170107170000,20170107090000,122,94,10139,120,103,-9999,3,-9999,,
20170107180000,20170107100000,128,106,10152,140,77,-9999,-1,10,,
20170107190000,20170107110000,133,111,10158,120,62,-9999,8,-9999,,
20170107200000,20170107120000,139,117,10152,120,62,-9999,-1,-9999,,
20170107210000,20170107130000,144,117,10151,120,67,-9999,3,-9999,,
20170107220000,20170107140000,150,117,10154,130,72,-9999,0,-9999,,
20170107230000,20170107150000,156,111,10154,160,57,-9999,0,-9999,,
20170108000000,20170107160000,156,111,10155,180,88,-9999,0,10,,
20170108010000,20170107170000,156,106,10152,170,51,0,0,-9999,,
20170108020000,20170107180000,156,111,10164,170,62,0,0,-9999,,
20170108030000,20170107190000,144,122,10171,140,41,-9999,0,-9999,,
20170108040000,20170107200000,139,122,10171,140,41,-9999,-1,-9999,,
20170108050000,20170107210000,139,122,10177,140,46,-9999,3,-9999,,
20170108060000,20170107220000,139,128,10173,130,51,-9999,20,20,,
20170108070000,20170107230000,139,122,10165,140,51,-9999,10,-9999,,
20170108080000,20170108000000,144,128,10168,130,51,-9999,5,-9999,,
20170108090000,20170108010000,144,128,10161,120,77,-9999,15,-9999,,
20170108100000,20170108020000,144,128,10152,140,41,-9999,5,-9999,,
20170108110000,20170108030000,144,128,10138,150,51,-9999,5,-9999,,
20170108120000,20170108040000,144,122,10131,140,88,-9999,-1,43,,
20170108130000,20170108050000,144,122,10121,140,82,-9999,5,-9999,,
20170108140000,20170108060000,150,117,10120,140,88,-9999,-1,-9999,,
20170108150000,20170108070000,150,117,10129,140,103,-9999,3,-9999,,
20170108160000,20170108080000,144,117,10125,130,108,-9999,10,-9999,,
20170108170000,20170108090000,144,122,10133,140,77,-9999,30,-9999,,
20170108180000,20170108100000,161,139,10142,170,62,-9999,10,58,,
20170108190000,20170108110000,167,139,10145,170,62,-9999,18,-9999,NON-TSTM WND GST,1 TRAINED SPOTTER
20170108200000,20170108120000,167,139,10119,140,72,-9999,58,-9999,,
20170108210000,20170108130000,172,139,10117,180,72,-9999,23,-9999,,
20170108220000,20170108140000,167,139,10118,180,62,-9999,13,-9999,,
20170108230000,20170108150000,161,139,10114,170,46,-9999,10,-9999,,
20170109000000,20170108160000,161,133,10115,160,41,-9999,3,124,,
20170109010000,20170108170000,156,139,10116,130,21,-9999,3,-9999,,
20170109020000,20170108180000,150,133,10121,0,0,-9999,3,-9999,,
20170109030000,20170108190000,150,128,10128,140,26,-9999,-1,-9999,,
20170109040000,20170108200000,150,128,10132,100,41,-9999,5,-9999,,
20170109050000,20170108210000,150,139,10138,0,0,-9999,10,-9999,,
20170109060000,20170108220000,144,133,10140,110,26,-9999,10,30,,
20170109070000,20170108230000,156,128,10141,110,36,-9999,-1,-9999,,
20170109080000,20170109000000,161,117,10143,-9999,26,-9999,-1,-9999,,
20170109090000,20170109010000,150,122,10144,130,26,-9999,-1,-9999,,
20170109100000,20170109020000,139,106,10155,300,21,-9999,41,-9999,,
20170109110000,20170109030000,133,106,10164,-9999,21,-9999,0,-9999,,
20170109120000,20170109040000,133,100,10162,260,41,-9999,0,41,,
20170109130000,20170109050000,128,100,10166,240,31,-9999,0,-9999,,
20170109140000,20170109060000,122,100,10169,0,0,-9999,-1,-9999,,
20170109150000,20170109070000,111,83,10169,120,26,4,-1,-9999,,
20170109160000,20170109080000,117,89,10180,0,0,0,0,-9999,,
20170109170000,20170109090000,122,89,10189,80,31,0,0,-9999,,
20170109180000,20170109100000,133,78,10199,0,0,2,0,-1,,
20170109190000,20170109110000,150,78,10205,0,0,4,0,-9999,,
20170109200000,20170109120000,150,78,10189,170,31,2,0,-9999,,
20170109210000,20170109130000,156,67,10183,-9999,31,2,0,-9999,,
20170109220000,20170109140000,144,72,10184,180,41,-9999,0,-9999,,
20170109230000,20170109150000,139,72,10183,200,31,2,0,-9999,,
20170110000000,20170109160000,139,78,10184,170,31,2,0,-9999,,
20170110010000,20170109170000,128,89,10186,150,15,-9999,0,-9999,,
20170110020000,20170109180000,133,83,10185,180,46,-9999,-1,-9999,,
20170110030000,20170109190000,122,100,10188,190,36,-9999,-1,-9999,,
20170110040000,20170109200000,122,94,10186,180,31,-9999,0,-9999,,
20170110050000,20170109210000,128,94,10178,160,31,-9999,-1,-9999,,
20170110060000,20170109220000,133,89,10183,170,36,-9999,3,3,,
20170110070000,20170109230000,122,100,10182,150,26,-9999,-1,-9999,,
20170110080000,20170110000000,122,100,10183,140,26,-9999,-1,-9999,,
20170110090000,20170110010000,122,106,10177,140,26,-9999,-1,-9999,,
20170110100000,20170110020000,122,106,10174,140,36,-9999,3,-9999,,
20170110110000,20170110030000,117,106,10172,130,31,-9999,8,-9999,,
20170110120000,20170110040000,117,106,10164,140,46,-9999,5,15,,
20170110130000,20170110050000,117,106,10159,140,31,-9999,8,-9999,,
20170110140000,20170110060000,117,106,10156,140,31,-9999,5,-9999,,
20170110150000,20170110070000,117,106,10155,140,31,-9999,-1,-9999,,
20170110160000,20170110080000,122,106,10156,140,36,-9999,5,-9999,,
20170110170000,20170110090000,122,111,10154,140,26,-9999,8,-9999,,
20170110180000,20170110100000,133,117,10153,140,31,-9999,3,28,HIGH SUST WINDS,1 MESONET
20170110190000,20170110110000,144,117,10148,170,36,-9999,-1,-9999,,
20170110200000,20170110120000,144,117,10138,150,36,-9999,3,-9999,,
20170110210000,20170110130000,144,117,10124,160,31,-9999,13,-9999,,
20170110220000,20170110140000,139,122,10113,120,51,-9999,15,-9999,FLOOD,1 TRAINED SPOTTER
20170110230000,20170110150000,139,122,10106,120,46,-9999,15,-9999,,
20170111000000,20170110160000,144,122,10096,140,36,-9999,5,51,,
20170111010000,20170110170000,144,128,10086,0,0,-9999,8,-9999,,
20170111020000,20170110180000,150,128,10076,-9999,21,-9999,8,-9999,,
20170111030000,20170110190000,156,128,10070,-9999,31,-9999,8,-9999,,
20170111040000,20170110200000,156,128,10068,-9999,21,-9999,43,-9999,FLOOD,1 LAW ENFORCEMENT
20170111050000,20170110210000,122,100,10086,0,0,-9999,10,-9999,,
20170111060000,20170110220000,128,100,10093,-9999,21,-9999,3,79,,
20170111070000,20170110230000,122,94,10095,130,21,-9999,0,-9999,,
20170111080000,20170111000000,144,89,10090,240,41,-9999,-1,-9999,,
20170111090000,20170111010000,139,78,10095,250,57,-9999,-1,-9999,,
20170111100000,20170111020000,133,78,10103,280,26,-9999,0,-9999,,
20170111110000,20170111030000,133,78,10108,260,36,-9999,-1,-9999,,
20170111120000,20170111040000,128,72,10110,240,21,-9999,-1,-1,,
20170111130000,20170111050000,106,72,10107,130,36,-9999,3,-9999,,
20170111140000,20170111060000,111,72,10110,0,0,-9999,3,-9999,,
20170111150000,20170111070000,106,83,10119,0,0,-9999,3,-9999,,
20170111160000,20170111080000,106,78,10128,280,15,-9999,-1,-9999,,
20170111170000,20170111090000,117,78,10134,230,26,-9999,0,-9999,,
20170111180000,20170111100000,122,72,10144,280,21,-9999,0,8,,
20170111190000,20170111110000,117,72,10152,270,21,-9999,-1,-9999,,
20170111200000,20170111120000,122,78,10146,300,21,-9999,-1,-9999,,
20170111210000,20170111130000,128,61,10139,280,36,-9999,0,-9999,,
20170111220000,20170111140000,128,50,10140,280,46,0,0,-9999,,
20170111230000,20170111150000,128,50,10141,250,31,2,0,-9999,,
20170112000000,20170111160000,122,56,10140,300,21,-9999,0,-1,,
20170112010000,20170111170000,117,50,10141,280,36,0,0,-9999,,
20170112020000,20170111180000,111,50,10141,290,15,0,0,-9999,,
20170112030000,20170111190000,106,56,10143,0,0,0,0,-9999,,
20170112040000,20170111200000,106,56,10140,150,15,-9999,0,-9999,,
20170112050000,20170111210000,100,50,10135,180,26,0,0,-9999,,
20170112060000,20170111220000,89,50,10136,120,15,0,0,-9999,,
20170112070000,20170111230000,94,50,10131,170,21,-9999,0,-9999,,
20170112080000,20170112000000,89,50,10126,180,15,4,0,-9999,,
20170112090000,20170112010000,94,56,10124,0,0,-9999,-1,-9999,,
20170112100000,20170112020000,89,61,10117,120,15,-9999,5,-9999,,
20170112110000,20170112030000,89,67,10114,130,41,-9999,-1,-9999,,
20170112120000,20170112040000,89,72,10111,140,26,-9999,3,8,,
20170112130000,20170112050000,89,67,10109,0,0,-9999,-1,-9999,,
20170112140000,20170112060000,83,67,10113,300,21,-9999,13,-9999,,
20170112150000,20170112070000,78,67,10121,300,21,-9999,10,-9999,,
20170112160000,20170112080000,78,67,10127,0,0,4,0,-9999,,
20170112170000,20170112090000,89,61,10135,310,26,-9999,0,-9999,,
20170112180000,20170112100000,94,56,10144,290,26,-9999,0,23,,
20170112190000,20170112110000,106,50,10147,320,36,-9999,0,-9999,,
20170112200000,20170112120000,94,56,10142,340,36,-9999,-1,-9999,,
20170112210000,20170112130000,89,50,10141,340,36,-9999,0,-9999,,
20170112220000,20170112140000,106,33,10139,330,31,2,0,-9999,,
20170112230000,20170112150000,111,39,10141,350,41,0,0,-9999,,
20170113000000,20170112160000,100,44,10146,320,26,2,0,-1,,
20170113010000,20170112170000,100,50,10149,330,31,-9999,0,-9999,,
20170113020000,20170112180000,89,56,10154,290,15,-9999,3,-9999,,
20170113030000,20170112190000,89,56,10160,0,0,-9999,-1,-9999,,
20170113040000,20170112200000,89,61,10164,240,15,4,0,-9999,,
20170113050000,20170112210000,78,44,10170,0,0,-9999,0,-9999,,
20170113060000,20170112220000,83,56,10176,0,0,-9999,0,3,,
20170113070000,20170112230000,83,50,10179,250,15,-9999,0,-9999,,
20170113080000,20170113000000,78,50,10183,290,21,4,0,-9999,,
20170113090000,20170113010000,72,50,10184,0,0,2,0,-9999,,
20170113100000,20170113020000,67,50,10189,270,15,0,0,-9999,,
20170113110000,20170113030000,61,44,10196,270,31,0,0,-9999,,
20170113120000,20170113040000,61,44,10200,270,21,0,0,-9999,,
20170113130000,20170113050000,56,44,10202,0,0,2,0,-9999,,
20170113140000,20170113060000,56,44,10204,230,15,-9999,0,-9999,,
20170113150000,20170113070000,56,39,10211,-9999,31,0,0,-9999,,
20170113160000,20170113080000,72,39,10216,0,0,0,0,-9999,,
20170113170000,20170113090000,89,28,10222,0,0,0,0,-9999,,
20170113180000,20170113100000,100,22,10231,0,0,0,0,-9999,,
20170113190000,20170113110000,111,33,10234,350,21,0,0,-9999,,
20170113200000,20170113120000,111,50,10227,350,26,0,0,-9999,,
20170113210000,20170113130000,122,17,10220,300,26,0,0,-9999,,
20170113220000,20170113140000,133,22,10221,310,36,0,0,-9999,,
20170113230000,20170113150000,128,17,10221,330,26,0,0,-9999,,
20170114000000,20170113160000,128,22,10220,300,21,0,0,-9999,,
20170114010000,20170113170000,122,28,10222,310,15,0,0,-9999,,
20170114020000,20170113180000,106,17,10219,0,0,0,0,-9999,,
20170114030000,20170113190000,100,28,10220,0,0,0,0,-9999,,
20170114040000,20170113200000,89,33,10228,0,0,0,0,-9999,,
20170114050000,20170113210000,78,28,10233,0,0,0,0,-9999,,
20170114060000,20170113220000,78,28,10236,210,15,0,0,-9999,,
20170114070000,20170113230000,72,28,10240,0,0,0,0,-9999,,
20170114080000,20170114000000,56,22,10239,0,0,0,0,-9999,,
20170114090000,20170114010000,39,17,10235,0,0,0,0,-9999,,
20170114100000,20170114020000,56,28,10234,0,0,0,0,-9999,,
20170114110000,20170114030000,44,22,10239,0,0,0,0,-9999,,
20170114120000,20170114040000,39,22,10239,0,0,0,0,-9999,,
20170114130000,20170114050000,28,11,10236,0,0,0,0,-9999,,
20170114140000,20170114060000,33,11,10236,0,0,0,0,-9999,,
20170114150000,20170114070000,28,11,10239,0,0,0,0,-9999,,
20170114160000,20170114080000,33,17,10240,0,0,0,0,-9999,,
20170114170000,20170114090000,67,39,10243,0,0,0,0,-9999,,
20170114180000,20170114100000,94,50,10247,10,15,0,0,-9999,,
20170114190000,20170114110000,100,56,10243,0,0,0,0,-9999,,
20170114200000,20170114120000,128,33,10230,350,36,0,0,-9999,,
20170114210000,20170114130000,139,22,10218,20,21,0,0,-9999,,
20170114220000,20170114140000,139,11,10217,310,26,0,0,-9999,,
20170114230000,20170114150000,144,22,10215,350,26,0,0,-9999,,
20170115000000,20170114160000,133,39,10215,350,41,0,0,-9999,,
20170115010000,20170114170000,117,28,10214,0,0,0,0,-9999,,
20170115020000,20170114180000,94,67,10216,10,36,0,0,-9999,,
20170115030000,20170114190000,94,72,10220,360,46,0,0,-9999,,
20170115040000,20170114200000,89,67,10219,330,31,0,0,-9999,,
20170115050000,20170114210000,89,61,10217,290,21,0,0,-9999,,
20170115060000,20170114220000,78,56,10215,270,21,0,0,-9999,,
20170115070000,20170114230000,72,50,10217,0,0,0,0,-9999,,
20170115080000,20170115000000,61,33,10216,0,0,0,0,-9999,,
20170115090000,20170115010000,61,39,10212,0,0,0,0,-9999,,
20170115100000,20170115020000,56,33,10212,0,0,0,0,-9999,,
20170115110000,20170115030000,56,39,10213,0,0,-9999,0,-9999,,
20170115120000,20170115040000,61,39,10213,0,0,-9999,0,-9999,,
20170115130000,20170115050000,39,22,10210,0,0,0,0,-9999,,
20170115140000,20170115060000,39,28,10210,0,0,4,0,-9999,,
20170115150000,20170115070000,44,28,10211,0,0,-9999,0,-9999,,
20170115160000,20170115080000,50,39,10213,0,0,-9999,0,-9999,,
20170115170000,20170115090000,61,44,10221,0,0,-9999,0,-9999,,
20170115180000,20170115100000,72,50,10224,270,21,-9999,0,-9999,,
20170115190000,20170115110000,78,56,10224,320,15,-9999,0,-9999,,
20170115200000,20170115120000,89,61,10217,30,21,-9999,0,-9999,,
20170115210000,20170115130000,100,61,10208,0,0,0,0,-9999,,
20170115220000,20170115140000,106,61,10206,10,21,0,0,-9999,,
20170115230000,20170115150000,106,56,10204,-9999,15,0,0,-9999,,
20170116000000,20170115160000,111,56,10202,360,26,0,0,-9999,,
20170116010000,20170115170000,100,39,10201,330,21,0,0,-9999,,
20170116020000,20170115180000,94,39,10206,340,15,0,0,-9999,,
20170116030000,20170115190000,89,39,10209,330,26,0,0,-9999,,
20170116040000,20170115200000,83,44,10212,0,0,0,0,-9999,,
20170116050000,20170115210000,72,39,10214,270,15,0,0,-9999,,
20170116060000,20170115220000,61,33,10215,0,0,0,0,-9999,,
20170116070000,20170115230000,56,33,10220,0,0,0,0,-9999,,
20170116080000,20170116000000,50,28,10215,0,0,0,0,-9999,,
20170116090000,20170116010000,44,22,10211,260,15,0,0,-9999,,
20170116100000,20170116020000,44,22,10208,280,31,0,0,-9999,,
20170116110000,20170116030000,50,28,10210,0,0,0,0,-9999,,
20170116120000,20170116040000,50,22,10209,340,46,0,0,-9999,,
20170116130000,20170116050000,56,28,10213,10,62,0,0,-9999,,
20170116140000,20170116060000,56,28,10213,320,26,0,0,-9999,,
20170116150000,20170116070000,56,22,10217,290,31,4,0,-9999,,
20170116160000,20170116080000,44,28,10222,30,36,0,0,-9999,,
20170116170000,20170116090000,56,33,10225,130,21,0,0,-9999,,
20170116180000,20170116100000,78,39,10226,0,0,0,0,-9999,,
20170116190000,20170116110000,89,44,10228,10,21,0,0,-9999,,
20170116200000,20170116120000,106,39,10217,360,26,0,0,-9999,,
20170116210000,20170116130000,111,33,10210,340,26,0,0,-9999,,
20170116220000,20170116140000,128,33,10203,340,26,0,0,-9999,,
20170116230000,20170116150000,128,28,10199,330,21,0,0,-9999,,
20170117000000,20170116160000,128,17,10194,300,21,0,0,-9999,,
20170117010000,20170116170000,128,6,10193,320,26,0,0,-9999,,
20170117020000,20170116180000,106,28,10194,330,21,0,0,-9999,,
20170117030000,20170116190000,94,50,10199,350,26,0,0,-9999,,
20170117040000,20170116200000,89,44,10204,310,26,0,0,-9999,,
20170117050000,20170116210000,83,33,10205,0,0,0,0,-9999,,
20170117060000,20170116220000,61,22,10205,0,0,0,0,-9999,,
20170117070000,20170116230000,56,22,10204,0,0,0,0,-9999,,
20170117080000,20170117000000,50,22,10203,0,0,0,0,-9999,,
20170117090000,20170117010000,44,22,10203,0,0,0,0,-9999,,
20170117100000,20170117020000,44,22,10204,0,0,0,0,-9999,,
20170117110000,20170117030000,39,17,10202,0,0,0,0,-9999,,
20170117120000,20170117040000,33,11,10203,0,0,0,0,-9999,,
20170117130000,20170117050000,28,11,10200,140,15,0,0,-9999,,
20170117140000,20170117060000,33,11,10201,0,0,0,0,-9999,,
20170117150000,20170117070000,33,11,10207,0,0,0,0,-9999,,
20170117160000,20170117080000,39,17,10188,140,31,0,0,-9999,,
20170117170000,20170117090000,50,28,10211,320,26,0,0,-9999,,
20170117180000,20170117100000,72,44,10218,40,26,-9999,0,-9999,,
20170117190000,20170117110000,78,44,10212,0,0,0,0,-9999,,
20170117200000,20170117120000,100,56,10211,360,31,0,0,-9999,,
20170117210000,20170117130000,106,44,10201,30,26,0,0,-9999,,
20170117220000,20170117140000,111,50,10200,350,31,0,0,-9999,,
20170117230000,20170117150000,117,44,10197,10,21,0,0,-9999,,
20170118000000,20170117160000,111,50,10200,360,21,0,0,-9999,,
20170118010000,20170117170000,106,50,10204,0,0,0,0,-9999,,
20170118020000,20170117180000,100,61,10208,0,0,0,0,-9999,,
20170118030000,20170117190000,94,61,10207,290,15,0,0,-9999,,
20170118040000,20170117200000,94,61,10209,0,0,0,0,-9999,,
20170118050000,20170117210000,94,61,10209,0,0,0,0,-9999,,
20170118060000,20170117220000,94,56,10203,0,0,0,0,-9999,,
20170118070000,20170117230000,94,61,10197,0,0,-9999,0,-9999,,
20170118080000,20170118000000,89,56,10196,0,0,4,0,-9999,,
20170118090000,20170118010000,89,67,10195,320,21,-9999,0,-9999,,
20170118100000,20170118020000,83,56,10198,270,21,2,0,-9999,,
20170118110000,20170118030000,83,61,10193,0,0,2,0,-9999,,
20170118120000,20170118040000,89,61,10196,0,0,-9999,0,-9999,,
20170118130000,20170118050000,89,61,10192,-9999,15,-9999,-1,-9999,,
20170118140000,20170118060000,94,67,10189,130,36,-9999,5,-9999,,
20170118150000,20170118070000,100,67,10175,130,72,-9999,3,-9999,,
20170118160000,20170118080000,111,67,10167,140,62,-9999,0,-9999,,
20170118170000,20170118090000,117,61,10152,160,57,-9999,0,-9999,,
20170118180000,20170118100000,111,67,10184,150,15,-9999,3,10,,
20170118190000,20170118110000,111,61,10180,150,62,-9999,3,-9999,,
20170118200000,20170118120000,106,72,10158,150,72,-9999,3,-9999,,
20170118210000,20170118130000,111,78,10143,150,62,-9999,15,-9999,,
20170118220000,20170118140000,106,78,10124,140,57,-9999,13,-9999,,
20170118230000,20170118150000,106,78,10108,150,46,-9999,3,-9999,,
20170119000000,20170118160000,106,78,10094,140,77,-9999,5,41,,
20170119010000,20170118170000,106,83,10088,150,82,-9999,10,-9999,,
20170119020000,20170118180000,111,83,10073,140,108,-9999,5,-9999,,
20170119030000,20170118190000,111,89,10068,130,103,-9999,5,-9999,,
20170119040000,20170118200000,111,94,10104,260,82,-9999,28,-9999,,
20170119050000,20170118210000,106,89,10093,130,57,4,46,-9999,,
20170119060000,20170118220000,111,89,10100,150,21,-9999,0,94,,
20170119070000,20170118230000,117,78,10106,230,26,4,0,-9999,,
20170119080000,20170119000000,122,72,10110,210,26,2,0,-9999,,
20170119090000,20170119010000,106,72,10110,130,21,2,0,-9999,,
20170119100000,20170119020000,117,72,10109,200,26,4,0,-9999,,
20170119110000,20170119030000,100,78,10112,100,21,-9999,-1,-9999,,
20170119120000,20170119040000,100,78,10110,160,21,4,3,3,,
20170119130000,20170119050000,100,72,10105,140,41,0,0,-9999,,
20170119140000,20170119060000,100,78,10108,330,21,-9999,-1,-9999,,
20170119150000,20170119070000,89,72,10117,130,26,-9999,-1,-9999,,
20170119160000,20170119080000,100,78,10121,140,36,-9999,0,-9999,,
20170119170000,20170119090000,111,83,10123,120,21,2,0,-9999,,
20170119180000,20170119100000,89,67,10135,20,21,-9999,25,25,HAIL,1 TRAINED SPOTTER
20170119190000,20170119110000,117,78,10132,90,15,-9999,5,-9999,,
20170119200000,20170119120000,128,89,10124,140,26,2,0,-9999,,
20170119210000,20170119130000,139,78,10114,-9999,26,-9999,0,-9999,,
20170119220000,20170119140000,139,72,10109,230,36,-9999,-1,-9999,,
20170119230000,20170119150000,139,67,10105,220,41,2,0,-9999,,
20170120000000,20170119160000,133,50,10110,250,41,0,0,5,,
20170120010000,20170119170000,122,56,10110,-9999,21,0,0,-9999,,
20170120020000,20170119180000,122,56,10109,190,21,4,0,-9999,,
20170120030000,20170119190000,111,56,10100,140,26,-9999,0,-9999,,
20170120040000,20170119200000,111,56,10094,170,31,-9999,0,-9999,,
20170120050000,20170119210000,111,56,10089,140,36,-9999,0,-9999,,
20170120060000,20170119220000,111,61,10082,150,26,-9999,-1,-1,,
20170120070000,20170119230000,100,67,10066,130,46,-9999,-1,-9999,,
20170120080000,20170120000000,106,67,10048,170,51,-9999,-1,-9999,,
20170120090000,20170120010000,100,61,10031,140,62,-9999,3,-9999,,
20170120100000,20170120020000,100,67,10010,150,72,-9999,10,-9999,,
20170120110000,20170120030000,94,67,9984,130,82,-9999,10,-9999,,
20170120120000,20170120040000,89,72,9950,140,57,-9999,25,46,,
20170120130000,20170120050000,89,78,9963,190,46,-9999,30,-9999,,
20170120140000,20170120060000,89,72,9939,120,62,-9999,13,-9999,,
20170120150000,20170120070000,94,78,9940,170,31,-9999,13,-9999,,
20170120160000,20170120080000,100,78,9949,-9999,15,-9999,43,-9999,,
20170120170000,20170120090000,100,89,9954,150,31,-9999,3,-9999,,
20170120180000,20170120100000,111,83,9955,140,15,-9999,-1,104,,
20170120190000,20170120110000,106,83,9954,140,36,-9999,23,-9999,,
20170120200000,20170120120000,122,78,9950,180,15,-9999,0,-9999,,
20170120210000,20170120130000,122,61,9942,230,57,4,3,-9999,,
20170120220000,20170120140000,94,61,9948,260,26,-9999,8,-9999,,
20170120230000,20170120150000,117,56,9944,250,51,-9999,3,-9999,,
20170121000000,20170120160000,106,56,9949,230,26,-9999,-1,36,,
20170121010000,20170120170000,100,56,9952,0,0,-9999,-1,-9999,,
20170121020000,20170120180000,89,56,9962,0,0,-9999,3,-9999,,
20170121030000,20170120190000,83,61,9972,0,0,-9999,8,-9999,,
20170121040000,20170120200000,94,50,9979,250,36,-9999,3,-9999,,
20170121050000,20170120210000,89,56,9990,-9999,26,-9999,5,-9999,,
20170121060000,20170120220000,89,50,9996,150,15,-9999,-1,18,,
20170121070000,20170120230000,94,50,10002,190,26,-9999,0,-9999,,
20170121080000,20170121000000,89,56,10008,160,21,-9999,3,-9999,,
20170121090000,20170121010000,94,56,10012,200,15,-9999,-1,-9999,,
20170121100000,20170121020000,78,56,10021,140,31,-9999,3,-9999,,
20170121110000,20170121030000,83,61,10030,210,21,0,3,-9999,,
20170121120000,20170121040000,72,56,10036,160,15,2,0,8,,
20170121130000,20170121050000,83,56,10048,0,0,4,3,-9999,,
20170121140000,20170121060000,78,61,10058,0,0,2,0,-9999,,
20170121150000,20170121070000,67,50,10071,120,31,-9999,3,-9999,,
20170121160000,20170121080000,78,61,10085,-9999,21,-9999,0,-9999,,
20170121170000,20170121090000,89,72,10098,150,26,-9999,3,-9999,,
20170121180000,20170121100000,111,72,10109,140,31,0,0,8,,
20170121190000,20170121110000,122,72,10119,110,31,-9999,0,-9999,,
20170121200000,20170121120000,128,44,10117,230,15,4,-1,-9999,,
20170121210000,20170121130000,133,61,10118,160,36,-9999,0,-9999,,
20170121220000,20170121140000,128,67,10118,170,41,-9999,0,-9999,,
20170121230000,20170121150000,128,61,10121,160,41,0,0,-9999,,
20170122000000,20170121160000,122,61,10121,150,41,-9999,0,-1,,
20170122010000,20170121170000,117,61,10124,140,36,-9999,-1,-9999,,
20170122020000,20170121180000,111,61,10123,150,46,-9999,3,-9999,,
20170122030000,20170121190000,106,61,10121,140,51,-9999,-1,-9999,,
20170122040000,20170121200000,100,56,10117,140,51,-9999,3,-9999,,
20170122050000,20170121210000,100,67,10111,140,51,-9999,3,-9999,,
20170122060000,20170121220000,100,56,10091,140,57,-9999,-1,8,,
20170122070000,20170121230000,106,50,10083,190,46,-9999,0,-9999,,
20170122080000,20170122000000,111,44,10071,150,93,-9999,-1,-9999,,
20170122090000,20170122010000,100,61,10063,160,93,-9999,-1,-9999,,
20170122100000,20170122020000,94,72,10051,170,93,-9999,5,-9999,,
20170122110000,20170122030000,94,72,10053,150,67,-9999,5,-9999,NON-TSTM WND DMG,1 LAW ENFORCEMENT
20170122120000,20170122040000,89,78,10050,150,62,-9999,30,38,,
20170122130000,20170122050000,94,78,10052,140,77,-9999,25,-9999,,
20170122140000,20170122060000,94,83,10067,120,31,-9999,38,-9999,,
20170122150000,20170122070000,100,83,10075,130,31,-9999,10,-9999,,
20170122160000,20170122080000,94,89,10083,140,21,-9999,-1,-9999,,
20170122170000,20170122090000,100,89,10090,150,26,2,0,-9999,,
20170122180000,20170122100000,100,94,10096,160,15,0,0,76,,
20170122190000,20170122110000,122,100,10092,140,36,0,0,-9999,,
20170122200000,20170122120000,139,94,10076,130,41,0,0,-9999,,
20170122210000,20170122130000,133,89,10066,150,41,-9999,-1,-9999,,
20170122220000,20170122140000,106,78,10061,180,36,-9999,8,-9999,,
20170122230000,20170122150000,111,83,10052,-9999,15,-9999,3,-9999,,
20170123000000,20170122160000,106,72,10055,210,31,-9999,10,20,,
20170123010000,20170122170000,94,72,10064,-9999,21,-9999,10,-9999,,
20170123020000,20170122180000,89,61,10058,0,0,-9999,-1,-9999,,
20170123030000,20170122190000,89,61,10064,140,26,-9999,0,-9999,,
20170123040000,20170122200000,89,61,10065,170,21,4,-1,-9999,,
20170123050000,20170122210000,83,61,10063,-9999,15,-9999,3,-9999,,
20170123060000,20170122220000,83,61,10066,130,31,-9999,0,13,,
20170123070000,20170122230000,83,56,10070,190,21,-9999,0,-9999,,
20170123080000,20170123000000,83,56,10075,0,0,-9999,8,-9999,,
20170123090000,20170123010000,78,56,10079,160,21,-9999,8,-9999,,
20170123100000,20170123020000,78,56,10082,190,15,-9999,-1,-9999,,
20170123110000,20170123030000,67,50,10078,140,21,2,0,-9999,,
20170123120000,20170123040000,67,44,10083,130,15,4,3,18,,
20170123130000,20170123050000,67,56,10087,170,21,-9999,0,-9999,,
20170123140000,20170123060000,61,39,10090,140,31,2,0,-9999,,
20170123150000,20170123070000,67,44,10098,160,26,-9999,-1,-9999,,
20170123160000,20170123080000,72,50,10108,0,0,-9999,3,-9999,,
20170123170000,20170123090000,78,67,10114,140,26,2,3,-9999,,
20170123180000,20170123100000,89,56,10123,130,36,2,-1,5,,
20170123190000,20170123110000,94,56,10126,0,0,-9999,-1,-9999,,
20170123200000,20170123120000,94,50,10123,-9999,15,-9999,5,-9999,,
20170123210000,20170123130000,100,50,10119,10,46,-9999,-1,-9999,HAIL,1 TRAINED SPOTTER
20170123220000,20170123140000,100,50,10116,0,0,0,3,-9999,HAIL,3 PUBLIC
20170123230000,20170123150000,94,39,10117,110,15,4,8,-9999,,
20170124000000,20170123160000,100,56,10117,150,15,0,0,15,,
20170124010000,20170123170000,100,56,10118,0,0,4,0,-9999,,
20170124020000,20170123180000,94,39,10121,200,21,-9999,3,-9999,,
20170124030000,20170123190000,78,44,10124,150,21,2,-1,-9999,,
20170124040000,20170123200000,78,50,10129,190,31,-9999,8,-9999,,
20170124050000,20170123210000,78,61,10132,0,0,-9999,5,-9999,,
20170124060000,20170123220000,78,56,10134,150,21,-9999,5,20,,
20170124070000,20170123230000,72,56,10135,140,41,-9999,8,-9999,,
20170124080000,20170124000000,61,44,10133,140,31,0,0,-9999,,
20170124090000,20170124010000,61,39,10134,140,36,0,0,-9999,,
20170124100000,20170124020000,56,39,10135,130,31,0,0,-9999,,
20170124110000,20170124030000,50,33,10139,150,21,0,0,-9999,,
20170124120000,20170124040000,50,33,10140,120,31,0,0,8,,
20170124130000,20170124050000,50,28,10146,140,26,0,0,-9999,,
20170124140000,20170124060000,44,28,10150,130,15,0,0,-9999,,
20170124150000,20170124070000,33,17,10159,0,0,0,0,-9999,,
20170124160000,20170124080000,56,39,10168,0,0,-9999,0,-9999,,
20170124170000,20170124090000,56,39,10179,280,21,2,0,-9999,,
20170124180000,20170124100000,83,44,10188,350,36,0,0,-9999,,
20170124190000,20170124110000,89,44,10195,360,41,0,0,-9999,,
20170124200000,20170124120000,100,50,10192,30,36,0,0,-9999,,
20170124210000,20170124130000,106,56,10191,360,41,0,0,-9999,,
20170124220000,20170124140000,111,50,10189,330,31,0,0,-9999,,
20170124230000,20170124150000,122,39,10190,340,26,0,0,-9999,,
20170125000000,20170124160000,117,44,10197,360,46,0,0,-9999,,
20170125010000,20170124170000,100,44,10206,330,36,0,0,-9999,,
20170125020000,20170124180000,94,39,10214,-9999,15,0,0,-9999,,
20170125030000,20170124190000,94,44,10222,250,15,0,0,-9999,,
20170125040000,20170124200000,89,39,10226,0,0,0,0,-9999,,
20170125050000,20170124210000,72,39,10229,220,15,0,0,-9999,,
20170125060000,20170124220000,61,33,10234,0,0,0,0,-9999,,
20170125070000,20170124230000,44,28,10241,0,0,0,0,-9999,,
20170125080000,20170125000000,56,39,10244,0,0,0,0,-9999,,
20170125090000,20170125010000,50,33,10244,0,0,0,0,-9999,,
20170125100000,20170125020000,33,17,10250,0,0,0,0,-9999,,
20170125110000,20170125030000,28,17,10255,130,21,0,0,-9999,,
20170125120000,20170125040000,33,22,10256,0,0,0,0,-9999,,
20170125130000,20170125050000,33,22,10259,0,0,0,0,-9999,,
20170125140000,20170125060000,22,11,10261,130,31,0,0,-9999,,
20170125150000,20170125070000,33,17,10269,140,15,4,0,-9999,,
20170125160000,20170125080000,39,22,10270,150,31,0,0,-9999,,
20170125170000,20170125090000,61,33,10273,150,26,0,0,-9999,,
20170125180000,20170125100000,94,44,10280,120,21,0,0,-9999,,
20170125190000,20170125110000,111,50,10281,110,15,0,0,-9999,,
20170125200000,20170125120000,122,50,10278,10,26,0,0,-9999,,
20170125210000,20170125130000,122,61,10271,10,41,0,0,-9999,,
20170125220000,20170125140000,128,56,10267,10,41,0,0,-9999,,
20170125230000,20170125150000,122,56,10269,350,46,0,0,-9999,,
20170126000000,20170125160000,122,61,10272,350,46,0,0,-9999,,
20170126010000,20170125170000,111,56,10275,350,41,0,0,-9999,,
20170126020000,20170125180000,94,56,10276,350,21,0,0,-9999,,
20170126030000,20170125190000,100,50,10280,300,15,0,0,-9999,,
20170126040000,20170125200000,89,50,10285,0,0,0,0,-9999,,
20170126050000,20170125210000,78,50,10291,0,0,2,0,-9999,,
20170126060000,20170125220000,72,50,10295,0,0,0,0,-9999,,
20170126070000,20170125230000,61,39,10298,0,0,0,0,-9999,,
20170126080000,20170126000000,50,33,10300,0,0,0,0,-9999,,
20170126090000,20170126010000,50,28,10295,0,0,0,0,-9999,,
20170126100000,20170126020000,50,33,10295,0,0,0,0,-9999,,
20170126110000,20170126030000,44,28,10297,130,15,0,0,-9999,,
20170126120000,20170126040000,44,28,10301,0,0,4,0,-9999,,
20170126130000,20170126050000,44,28,10305,0,0,-9999,0,-9999,,
20170126140000,20170126060000,56,33,10308,0,0,-9999,0,-9999,,
20170126150000,20170126070000,61,39,10308,0,0,-9999,0,-9999,,
20170126160000,20170126080000,50,33,10305,0,0,0,0,-9999,,
20170126170000,20170126090000,78,50,10312,0,0,0,0,-9999,,
20170126180000,20170126100000,89,61,10323,340,15,0,0,-9999,,
20170126190000,20170126110000,106,50,10323,350,31,0,0,-9999,,
20170126200000,20170126120000,111,56,10313,0,0,0,0,-9999,,
20170126210000,20170126130000,122,50,10307,350,26,0,0,-9999,,
20170126220000,20170126140000,133,56,10302,330,41,0,0,-9999,,
20170126230000,20170126150000,133,39,10303,350,36,0,0,-9999,,
20170127000000,20170126160000,122,44,10303,310,36,-9999,0,-9999,,
20170127010000,20170126170000,117,44,10303,320,41,0,0,-9999,,
20170127020000,20170126180000,106,50,10305,300,26,0,0,-9999,,
20170127030000,20170126190000,100,50,10309,280,15,0,-1,-9999,,
20170127040000,20170126200000,94,39,10312,270,15,-9999,0,-9999,,
20170127050000,20170126210000,83,33,10315,0,0,-9999,0,-9999,,
20170127060000,20170126220000,67,28,10319,0,0,-9999,0,-1,,
20170127070000,20170126230000,67,33,10324,0,0,-9999,0,-9999,,
20170127080000,20170127000000,61,28,10324,0,0,-9999,0,-9999,,
20170127090000,20170127010000,44,17,10326,0,0,0,0,-9999,,
20170127100000,20170127020000,44,22,10326,0,0,0,0,-9999,,
20170127110000,20170127030000,44,22,10326,0,0,0,0,-9999,,
20170127120000,20170127040000,39,17,10332,260,15,0,0,-9999,,
20170127130000,20170127050000,44,22,10339,200,21,0,0,-9999,,
20170127140000,20170127060000,33,17,10344,0,0,0,0,-9999,,
20170127150000,20170127070000,56,22,10347,0,0,0,0,-9999,,
20170127160000,20170127080000,61,17,10350,0,0,0,0,-9999,,
20170127170000,20170127090000,89,11,10359,270,26,0,0,-9999,,
20170127180000,20170127100000,111,0,10362,20,26,0,0,-9999,,
20170127190000,20170127110000,117,11,10360,350,31,0,0,-9999,,
20170127200000,20170127120000,128,6,10351,-9999,26,0,0,-9999,,
20170127210000,20170127130000,139,6,10345,50,26,0,0,-9999,,
20170127220000,20170127140000,144,6,10344,220,15,0,0,-9999,,
20170127230000,20170127150000,144,11,10340,330,31,0,0,-9999,,
20170128000000,20170127160000,144,11,10345,320,26,0,0,-9999,,
20170128010000,20170127170000,133,6,10348,320,31,0,0,-9999,,
20170128020000,20170127180000,117,22,10352,310,21,0,0,-9999,,
20170128030000,20170127190000,111,33,10356,320,41,0,0,-9999,,
20170128040000,20170127200000,100,28,10358,230,21,0,0,-9999,,
20170128050000,20170127210000,83,22,10360,0,0,0,0,-9999,,
20170128060000,20170127220000,72,22,10360,0,0,0,0,-9999,,
20170128070000,20170127230000,56,11,10358,0,0,0,0,-9999,,
20170128080000,20170128000000,44,6,10357,0,0,0,0,-9999,,
20170128090000,20170128010000,50,11,10348,0,0,0,0,-9999,,
20170128100000,20170128020000,44,6,10351,0,0,0,0,-9999,,
20170128110000,20170128030000,39,6,10355,0,0,0,0,-9999,,
20170128120000,20170128040000,33,6,10353,0,0,0,0,-9999,,
20170128130000,20170128050000,28,6,10356,0,0,0,0,-9999,,
20170128140000,20170128060000,28,6,10360,0,0,0,0,-9999,,
20170128150000,20170128070000,39,11,10357,240,15,0,0,-9999,,
20170128160000,20170128080000,22,0,10361,160,15,0,0,-9999,,
20170128170000,20170128090000,61,22,10360,120,15,0,0,-9999,,
20170128180000,20170128100000,83,28,10361,0,0,0,0,-9999,,
20170128190000,20170128110000,106,33,10357,0,0,0,0,-9999,,
20170128200000,20170128120000,128,22,10345,0,0,0,0,-9999,,
20170128210000,20170128130000,139,39,10334,350,26,0,0,-9999,,
20170128220000,20170128140000,156,-6,10323,0,0,0,0,-9999,,
20170128230000,20170128150000,167,50,10320,360,36,0,0,-9999,,
20170129000000,20170128160000,156,50,10323,340,21,0,0,-9999,,
20170129010000,20170128170000,133,50,10323,360,21,0,0,-9999,,
20170129020000,20170128180000,117,61,10323,340,26,0,0,-9999,,
20170129030000,20170128190000,111,61,10323,300,21,0,0,-9999,,
20170129040000,20170128200000,106,56,10324,270,26,0,0,-9999,,
20170129050000,20170128210000,100,50,10327,270,21,0,0,-9999,,
20170129060000,20170128220000,89,50,10330,250,15,0,0,-9999,,
20170129070000,20170128230000,78,44,10326,130,15,0,0,-9999,,
20170129080000,20170129000000,61,33,10324,0,0,0,0,-9999,,
20170129090000,20170129010000,61,33,10321,0,0,0,0,-9999,,
20170129100000,20170129020000,56,33,10321,260,15,0,0,-9999,,
20170129110000,20170129030000,50,28,10323,0,0,0,0,-9999,,
20170129120000,20170129040000,44,28,10318,0,0,0,0,-9999,,
20170129130000,20170129050000,39,28,10312,0,0,0,0,-9999,,
20170129140000,20170129060000,33,22,10312,0,0,0,0,-9999,,
20170129150000,20170129070000,28,17,10315,0,0,0,0,-9999,,
20170129160000,20170129080000,28,17,10318,0,0,0,0,-9999,,
20170129170000,20170129090000,67,39,10322,0,0,0,0,-9999,,
20170129180000,20170129100000,106,44,10325,0,0,0,0,-9999,,
20170129190000,20170129110000,111,50,10316,0,0,0,0,-9999,,
20170129200000,20170129120000,122,50,10313,350,31,0,0,-9999,,
20170129210000,20170129130000,133,56,10300,330,15,0,0,-9999,,
20170129220000,20170129140000,161,56,10291,0,0,0,0,-9999,,
20170129230000,20170129150000,161,50,10284,0,0,0,0,-9999,,
20170130000000,20170129160000,172,50,10277,0,0,0,0,-9999,,
20170130010000,20170129170000,144,56,10275,360,21,0,0,-9999,,
20170130020000,20170129180000,128,61,10273,0,0,0,0,-9999,,
20170130030000,20170129190000,111,50,10272,0,0,0,0,-9999,,
20170130040000,20170129200000,111,56,10267,0,0,0,0,-9999,,
20170130050000,20170129210000,111,44,10267,290,21,0,0,-9999,,
20170130060000,20170129220000,89,44,10266,230,15,0,0,-9999,,
20170130070000,20170129230000,83,39,10266,0,0,0,0,-9999,,
20170130080000,20170130000000,72,33,10262,0,0,0,0,-9999,,
20170130090000,20170130010000,67,33,10258,0,0,0,0,-9999,,
20170130100000,20170130020000,61,28,10254,210,15,0,0,-9999,,
20170130110000,20170130030000,50,22,10252,0,0,0,0,-9999,,
20170130120000,20170130040000,39,22,10247,140,21,0,0,-9999,,
20170130130000,20170130050000,50,22,10246,0,0,0,0,-9999,,
20170130140000,20170130060000,44,17,10245,0,0,0,0,-9999,,
20170130150000,20170130070000,50,22,10247,0,0,0,0,-9999,,
20170130160000,20170130080000,56,28,10249,0,0,0,0,-9999,,
20170130170000,20170130090000,78,44,10251,0,0,0,0,-9999,,
20170130180000,20170130100000,100,50,10253,0,0,0,0,-9999,,
20170130190000,20170130110000,128,56,10250,10,15,0,0,-9999,,
20170130200000,20170130120000,133,56,10244,10,21,0,0,-9999,,
20170130210000,20170130130000,150,56,10234,350,21,0,0,-9999,,
20170130220000,20170130140000,161,61,10225,10,15,0,0,-9999,,
20170130230000,20170130150000,156,83,10222,10,26,0,0,-9999,,
20170131000000,20170130160000,161,78,10220,20,26,0,0,-9999,,
20170131010000,20170130170000,122,72,10217,10,21,0,0,-9999,,
20170131020000,20170130180000,122,56,10216,0,0,0,0,-9999,,
20170131030000,20170130190000,122,56,10212,0,0,0,0,-9999,,
20170131040000,20170130200000,111,56,10211,0,0,0,0,-9999,,
20170131050000,20170130210000,100,50,10214,0,0,0,0,-9999,,
20170131060000,20170130220000,89,50,10220,270,15,0,0,-9999,,
20170131070000,20170130230000,83,44,10221,240,15,0,0,-9999,,
20170131080000,20170131000000,67,33,10220,0,0,0,0,-9999,,
20170131090000,20170131010000,67,33,10216,0,0,0,0,-9999,,
20170131100000,20170131020000,50,28,10219,0,0,0,0,-9999,,
20170131110000,20170131030000,56,28,10213,230,15,0,0,-9999,,
20170131120000,20170131040000,44,22,10209,0,0,0,0,-9999,,
20170131130000,20170131050000,44,22,10212,0,0,0,0,-9999,,
20170131140000,20170131060000,44,22,10205,0,0,0,0,-9999,,
20170131150000,20170131070000,44,22,10207,0,0,0,0,-9999,,
20170131160000,20170131080000,56,28,10208,0,0,0,0,-9999,,
20170131170000,20170131090000,78,44,10208,0,0,0,0,-9999,,
20170131180000,20170131100000,106,50,10211,0,0,0,0,-9999,,
20170131190000,20170131110000,122,56,10208,10,21,0,0,-9999,,
20170131200000,20170131120000,133,67,10202,20,21,0,0,-9999,,
20170131210000,20170131130000,139,67,10193,360,21,0,0,-9999,,
20170131220000,20170131140000,161,67,10182,0,0,0,0,-9999,,
20170131230000,20170131150000,150,83,10176,350,26,0,0,-9999,,
20170201000000,20170131160000,139,72,10180,350,36,0,0,-9999,,
20170201010000,20170131170000,133,67,10180,320,26,0,0,-9999,,
20170201020000,20170131180000,128,67,10176,280,15,0,0,-9999,,
20170201030000,20170131190000,128,61,10173,0,0,0,0,-9999,,
20170201040000,20170131200000,117,61,10174,0,0,0,0,-9999,,
20170201050000,20170131210000,100,61,10178,0,0,0,0,-9999,,
20170201060000,20170131220000,100,67,10177,0,0,0,0,-9999,,
20170201070000,20170131230000,89,56,10176,0,0,0,0,-9999,,
